Report ID: 257241,,,,,,,,,
Project ID: AWQC-137395,,,,,,,,,
Disclaimer: The data contained in this spreadsheet has been prepared by SA Water at your request and is subject to the terms and conditions of contract between SA Water and your company.  SA Water accepts no liability for and gives no undertakings or warranties concerning the accuracy completeness or fitness for purpose of this data for use by your company or any third party,,,,,,,,,
Sample ID,Sampled Date,Received Date,Sampling Point,S Point Description,Sample Description,Test Name,Result Name,Result Value,Units
2019-004-2556,24/07/2019 10:05:00 AM,25/07/2019 11:50:34 AM,31525,EPA - Villa de Yumpa,,TKN as N,"TKN as Nitrogen",2.00,mg/L
2019-004-2556,24/07/2019 10:05:00 AM,25/07/2019 11:50:34 AM,31525,EPA - Villa de Yumpa,,Phosphorus - Total,"Phosphorus - Total",0.116,mg/L
2019-004-2556,24/07/2019 10:05:00 AM,25/07/2019 11:50:34 AM,31525,EPA - Villa de Yumpa,,Chlorophyll a & Phaeophytin a,"Chlorophyll a",15.4,µg/L
2019-004-2556,24/07/2019 10:05:00 AM,25/07/2019 11:50:34 AM,31525,EPA - Villa de Yumpa,,Chlorophyll a & Phaeophytin a,"Phaeophytin a",9.28,µg/L
2019-004-2556,24/07/2019 10:05:00 AM,25/07/2019 11:50:34 AM,31525,EPA - Villa de Yumpa,,Chlorophyll a & b,"Chlorophyll a",20.4,µg/L
2019-004-2556,24/07/2019 10:05:00 AM,25/07/2019 11:50:34 AM,31525,EPA - Villa de Yumpa,,Chlorophyll a & b,"Chlorophyll b",2.00,µg/L
2019-004-2556,24/07/2019 10:05:00 AM,25/07/2019 11:50:34 AM,31525,EPA - Villa de Yumpa,,Chlorophyll a & b,"Chlorophyll comment",Chlorophyll a & b results are the sum of chlorophyll & their degradation by products (Phaeophytins),
2019-004-2556,24/07/2019 10:05:00 AM,25/07/2019 11:50:34 AM,31525,EPA - Villa de Yumpa,,Chloride,"Chloride",22100,mg/L
2019-004-2556,24/07/2019 10:05:00 AM,25/07/2019 11:50:34 AM,31525,EPA - Villa de Yumpa,,Suspended Solids,"Suspended Solids",10,mg/L
2019-004-2556,24/07/2019 10:05:00 AM,25/07/2019 11:50:34 AM,31525,EPA - Villa de Yumpa,,Silica - Reactive,"Silica - Reactive",0.34,mg/L
2019-004-2556,24/07/2019 10:05:00 AM,25/07/2019 11:50:34 AM,31525,EPA - Villa de Yumpa,,Volatile Suspended Solids,"Fixed Solids",2,mg/L
2019-004-2556,24/07/2019 10:05:00 AM,25/07/2019 11:50:34 AM,31525,EPA - Villa de Yumpa,,Volatile Suspended Solids,"Volatile Suspended Solids",8,mg/L
2019-004-2556,24/07/2019 10:05:00 AM,25/07/2019 11:50:34 AM,31525,EPA - Villa de Yumpa,,Nitrate + Nitrite as N,"Nitrate + Nitrite as N",<0.003,mg/L
2019-004-2556,24/07/2019 10:05:00 AM,25/07/2019 11:50:34 AM,31525,EPA - Villa de Yumpa,,Phosphorus - Filterable Reactive as P,"Phosphorus - Filterable Reactive as P",<0.003,mg/L
2019-004-2556,24/07/2019 10:05:00 AM,25/07/2019 11:50:34 AM,31525,EPA - Villa de Yumpa,,Ammonia as N,"Ammonia as N",0.021,mg/L
2019-004-2556,24/07/2019 10:05:00 AM,25/07/2019 11:50:34 AM,31525,EPA - Villa de Yumpa,,Nitrogen - Total,"Nitrogen - Total",2.00,mg/L
2019-004-2556,24/07/2019 10:05:00 AM,25/07/2019 11:50:34 AM,31525,EPA - Villa de Yumpa,,Alkalinity Carbonate  Bicarbonate and Hydroxide,"Alkalinity as Calcium Carbonate",168,mg/L
2019-004-2556,24/07/2019 10:05:00 AM,25/07/2019 11:50:34 AM,31525,EPA - Villa de Yumpa,,Alkalinity Carbonate  Bicarbonate and Hydroxide,"Bicarbonate",205,mg/L
2019-004-2556,24/07/2019 10:05:00 AM,25/07/2019 11:50:34 AM,31525,EPA - Villa de Yumpa,,Alkalinity Carbonate  Bicarbonate and Hydroxide,"Carbonate",0,mg/L
2019-004-2556,24/07/2019 10:05:00 AM,25/07/2019 11:50:34 AM,31525,EPA - Villa de Yumpa,,Alkalinity Carbonate  Bicarbonate and Hydroxide,"Hydroxide",0,mg/L
2019-004-2556,24/07/2019 10:05:00 AM,25/07/2019 11:50:34 AM,31525,EPA - Villa de Yumpa,,Turbidity,"Turbidity",9.4,NTU
2019-004-2556,24/07/2019 10:05:00 AM,25/07/2019 11:50:34 AM,31525,EPA - Villa de Yumpa,,Conductivity & Total Dissolved Solids,"Conductivity",59600,µS/cm
2019-004-2556,24/07/2019 10:05:00 AM,25/07/2019 11:50:34 AM,31525,EPA - Villa de Yumpa,,Conductivity & Total Dissolved Solids,"Total Dissolved Solids (by EC)",43500,mg/L
2019-004-2556,24/07/2019 10:05:00 AM,25/07/2019 11:50:34 AM,31525,EPA - Villa de Yumpa,,pH,"pH",8.0,pH units
2019-004-2556,24/07/2019 10:05:00 AM,25/07/2019 11:50:34 AM,31525,EPA - Villa de Yumpa,,pH,"Temperature at which pH is measured",22.0,°C
2019-004-2556,24/07/2019 10:05:00 AM,25/07/2019 11:50:34 AM,31525,EPA - Villa de Yumpa,,Dissolved Organic Carbon,"Dissolved Organic Carbon",10.6,mg/L
2019-004-2556,24/07/2019 10:05:00 AM,25/07/2019 11:50:34 AM,31525,EPA - Villa de Yumpa,,Total Organic Carbon,"Total Organic Carbon",13.0,mg/L
2019-004-2557,24/07/2019 01:30:00 PM,25/07/2019 11:50:52 AM,353180,EPA -  Tauwitchere,,TKN as N,"TKN as Nitrogen",1.03,mg/L
2019-004-2557,24/07/2019 01:30:00 PM,25/07/2019 11:50:52 AM,353180,EPA -  Tauwitchere,,Phosphorus - Total,"Phosphorus - Total",0.073,mg/L
2019-004-2557,24/07/2019 01:30:00 PM,25/07/2019 11:50:52 AM,353180,EPA -  Tauwitchere,,Chlorophyll a & Phaeophytin a,"Chlorophyll a",8.61,µg/L
2019-004-2557,24/07/2019 01:30:00 PM,25/07/2019 11:50:52 AM,353180,EPA -  Tauwitchere,,Chlorophyll a & Phaeophytin a,"Phaeophytin a",7.30,µg/L
2019-004-2557,24/07/2019 01:30:00 PM,25/07/2019 11:50:52 AM,353180,EPA -  Tauwitchere,,Chlorophyll a & b,"Chlorophyll a",12.7,µg/L
2019-004-2557,24/07/2019 01:30:00 PM,25/07/2019 11:50:52 AM,353180,EPA -  Tauwitchere,,Chlorophyll a & b,"Chlorophyll b",1.01,µg/L
2019-004-2557,24/07/2019 01:30:00 PM,25/07/2019 11:50:52 AM,353180,EPA -  Tauwitchere,,Chlorophyll a & b,"Chlorophyll comment",Chlorophyll a & b results are the sum of chlorophyll & their degradation by products (Phaeophytins),
2019-004-2557,24/07/2019 01:30:00 PM,25/07/2019 11:50:52 AM,353180,EPA -  Tauwitchere,,Chloride,"Chloride",6950,mg/L
2019-004-2557,24/07/2019 01:30:00 PM,25/07/2019 11:50:52 AM,353180,EPA -  Tauwitchere,,Suspended Solids,"Suspended Solids",20,mg/L
2019-004-2557,24/07/2019 01:30:00 PM,25/07/2019 11:50:52 AM,353180,EPA -  Tauwitchere,,Silica - Reactive,"Silica - Reactive",0.18,mg/L
2019-004-2557,24/07/2019 01:30:00 PM,25/07/2019 11:50:52 AM,353180,EPA -  Tauwitchere,,Volatile Suspended Solids,"Fixed Solids",8,mg/L
2019-004-2557,24/07/2019 01:30:00 PM,25/07/2019 11:50:52 AM,353180,EPA -  Tauwitchere,,Volatile Suspended Solids,"Volatile Suspended Solids",12,mg/L
2019-004-2557,24/07/2019 01:30:00 PM,25/07/2019 11:50:52 AM,353180,EPA -  Tauwitchere,,Nitrate + Nitrite as N,"Nitrate + Nitrite as N",0.011,mg/L
2019-004-2557,24/07/2019 01:30:00 PM,25/07/2019 11:50:52 AM,353180,EPA -  Tauwitchere,,Phosphorus - Filterable Reactive as P,"Phosphorus - Filterable Reactive as P",0.008,mg/L
2019-004-2557,24/07/2019 01:30:00 PM,25/07/2019 11:50:52 AM,353180,EPA -  Tauwitchere,,Ammonia as N,"Ammonia as N",<0.005,mg/L
2019-004-2557,24/07/2019 01:30:00 PM,25/07/2019 11:50:52 AM,353180,EPA -  Tauwitchere,,Nitrogen - Total,"Nitrogen - Total",1.04,mg/L
2019-004-2557,24/07/2019 01:30:00 PM,25/07/2019 11:50:52 AM,353180,EPA -  Tauwitchere,,Alkalinity Carbonate  Bicarbonate and Hydroxide,"Alkalinity as Calcium Carbonate",115,mg/L
2019-004-2557,24/07/2019 01:30:00 PM,25/07/2019 11:50:52 AM,353180,EPA -  Tauwitchere,,Alkalinity Carbonate  Bicarbonate and Hydroxide,"Bicarbonate",141,mg/L
2019-004-2557,24/07/2019 01:30:00 PM,25/07/2019 11:50:52 AM,353180,EPA -  Tauwitchere,,Alkalinity Carbonate  Bicarbonate and Hydroxide,"Carbonate",0,mg/L
2019-004-2557,24/07/2019 01:30:00 PM,25/07/2019 11:50:52 AM,353180,EPA -  Tauwitchere,,Alkalinity Carbonate  Bicarbonate and Hydroxide,"Hydroxide",0,mg/L
2019-004-2557,24/07/2019 01:30:00 PM,25/07/2019 11:50:52 AM,353180,EPA -  Tauwitchere,,Turbidity,"Turbidity",14,NTU
2019-004-2557,24/07/2019 01:30:00 PM,25/07/2019 11:50:52 AM,353180,EPA -  Tauwitchere,,Conductivity & Total Dissolved Solids,"Conductivity",22900,µS/cm
2019-004-2557,24/07/2019 01:30:00 PM,25/07/2019 11:50:52 AM,353180,EPA -  Tauwitchere,,Conductivity & Total Dissolved Solids,"Total Dissolved Solids (by EC)",14200,mg/L
2019-004-2557,24/07/2019 01:30:00 PM,25/07/2019 11:50:52 AM,353180,EPA -  Tauwitchere,,pH,"pH",8.1,pH units
2019-004-2557,24/07/2019 01:30:00 PM,25/07/2019 11:50:52 AM,353180,EPA -  Tauwitchere,,pH,"Temperature at which pH is measured",21.9,°C
2019-004-2557,24/07/2019 01:30:00 PM,25/07/2019 11:50:52 AM,353180,EPA -  Tauwitchere,,Dissolved Organic Carbon,"Dissolved Organic Carbon",6.1,mg/L
2019-004-2557,24/07/2019 01:30:00 PM,25/07/2019 11:50:52 AM,353180,EPA -  Tauwitchere,,Total Organic Carbon,"Total Organic Carbon",10.4,mg/L
2019-004-2558,24/07/2019 12:45:00 PM,25/07/2019 11:55:10 AM,31523,EPA - Long Point,,TKN as N,"TKN as Nitrogen",0.46,mg/L
2019-004-2558,24/07/2019 12:45:00 PM,25/07/2019 11:55:10 AM,31523,EPA - Long Point,,Phosphorus - Total,"Phosphorus - Total",0.043,mg/L
2019-004-2558,24/07/2019 12:45:00 PM,25/07/2019 11:55:10 AM,31523,EPA - Long Point,,Chlorophyll a & Phaeophytin a,"Chlorophyll a",2.68,µg/L
2019-004-2558,24/07/2019 12:45:00 PM,25/07/2019 11:55:10 AM,31523,EPA - Long Point,,Chlorophyll a & Phaeophytin a,"Phaeophytin a",2.22,µg/L
2019-004-2558,24/07/2019 12:45:00 PM,25/07/2019 11:55:10 AM,31523,EPA - Long Point,,Chlorophyll a & b,"Chlorophyll a",3.88,µg/L
2019-004-2558,24/07/2019 12:45:00 PM,25/07/2019 11:55:10 AM,31523,EPA - Long Point,,Chlorophyll a & b,"Chlorophyll b",0.47,µg/L
2019-004-2558,24/07/2019 12:45:00 PM,25/07/2019 11:55:10 AM,31523,EPA - Long Point,,Chlorophyll a & b,"Chlorophyll comment",Chlorophyll a & b results are the sum of chlorophyll & their degradation by products (Phaeophytins),
2019-004-2558,24/07/2019 12:45:00 PM,25/07/2019 11:55:10 AM,31523,EPA - Long Point,,Chloride,"Chloride",14900,mg/L
2019-004-2558,24/07/2019 12:45:00 PM,25/07/2019 11:55:10 AM,31523,EPA - Long Point,,Suspended Solids,"Suspended Solids",8,mg/L
2019-004-2558,24/07/2019 12:45:00 PM,25/07/2019 11:55:10 AM,31523,EPA - Long Point,,Silica - Reactive,"Silica - Reactive",0.36,mg/L
2019-004-2558,24/07/2019 12:45:00 PM,25/07/2019 11:55:10 AM,31523,EPA - Long Point,,Volatile Suspended Solids,"Fixed Solids",<1,mg/L
2019-004-2558,24/07/2019 12:45:00 PM,25/07/2019 11:55:10 AM,31523,EPA - Long Point,,Volatile Suspended Solids,"Volatile Suspended Solids",8,mg/L
2019-004-2558,24/07/2019 12:45:00 PM,25/07/2019 11:55:10 AM,31523,EPA - Long Point,,Nitrate + Nitrite as N,"Nitrate + Nitrite as N",0.019,mg/L
2019-004-2558,24/07/2019 12:45:00 PM,25/07/2019 11:55:10 AM,31523,EPA - Long Point,,Phosphorus - Filterable Reactive as P,"Phosphorus - Filterable Reactive as P",0.025,mg/L
2019-004-2558,24/07/2019 12:45:00 PM,25/07/2019 11:55:10 AM,31523,EPA - Long Point,,Ammonia as N,"Ammonia as N",<0.005,mg/L
2019-004-2558,24/07/2019 12:45:00 PM,25/07/2019 11:55:10 AM,31523,EPA - Long Point,,Nitrogen - Total,"Nitrogen - Total",0.48,mg/L
2019-004-2558,24/07/2019 12:45:00 PM,25/07/2019 11:55:10 AM,31523,EPA - Long Point,,Alkalinity Carbonate  Bicarbonate and Hydroxide,"Alkalinity as Calcium Carbonate",126,mg/L
2019-004-2558,24/07/2019 12:45:00 PM,25/07/2019 11:55:10 AM,31523,EPA - Long Point,,Alkalinity Carbonate  Bicarbonate and Hydroxide,"Bicarbonate",141,mg/L
2019-004-2558,24/07/2019 12:45:00 PM,25/07/2019 11:55:10 AM,31523,EPA - Long Point,,Alkalinity Carbonate  Bicarbonate and Hydroxide,"Carbonate",6,mg/L
2019-004-2558,24/07/2019 12:45:00 PM,25/07/2019 11:55:10 AM,31523,EPA - Long Point,,Alkalinity Carbonate  Bicarbonate and Hydroxide,"Hydroxide",0,mg/L
2019-004-2558,24/07/2019 12:45:00 PM,25/07/2019 11:55:10 AM,31523,EPA - Long Point,,Turbidity,"Turbidity",3.9,NTU
2019-004-2558,24/07/2019 12:45:00 PM,25/07/2019 11:55:10 AM,31523,EPA - Long Point,,Conductivity & Total Dissolved Solids,"Conductivity",42700,µS/cm
2019-004-2558,24/07/2019 12:45:00 PM,25/07/2019 11:55:10 AM,31523,EPA - Long Point,,Conductivity & Total Dissolved Solids,"Total Dissolved Solids (by EC)",29000,mg/L
2019-004-2558,24/07/2019 12:45:00 PM,25/07/2019 11:55:10 AM,31523,EPA - Long Point,,pH,"pH",8.4,pH units
2019-004-2558,24/07/2019 12:45:00 PM,25/07/2019 11:55:10 AM,31523,EPA - Long Point,,pH,"Temperature at which pH is measured",22.0,°C
2019-004-2558,24/07/2019 12:45:00 PM,25/07/2019 11:55:10 AM,31523,EPA - Long Point,,Dissolved Organic Carbon,"Dissolved Organic Carbon",3.3,mg/L
2019-004-2558,24/07/2019 12:45:00 PM,25/07/2019 11:55:10 AM,31523,EPA - Long Point,,Total Organic Carbon,"Total Organic Carbon",3.5,mg/L
2019-004-2559,24/07/2019 09:05:00 AM,25/07/2019 11:53:58 AM,31526,EPA - Nth Jack Point,,TKN as N,"TKN as Nitrogen",4.90,mg/L
2019-004-2559,24/07/2019 09:05:00 AM,25/07/2019 11:53:58 AM,31526,EPA - Nth Jack Point,,Phosphorus - Total,"Phosphorus - Total",0.217,mg/L
2019-004-2559,24/07/2019 09:05:00 AM,25/07/2019 11:53:58 AM,31526,EPA - Nth Jack Point,,Chlorophyll a & Phaeophytin a,"Chlorophyll a",54.3,µg/L
2019-004-2559,24/07/2019 09:05:00 AM,25/07/2019 11:53:58 AM,31526,EPA - Nth Jack Point,,Chlorophyll a & Phaeophytin a,"Phaeophytin a",29.7,µg/L
2019-004-2559,24/07/2019 09:05:00 AM,25/07/2019 11:53:58 AM,31526,EPA - Nth Jack Point,,Chlorophyll a & b,"Chlorophyll a",69.9,µg/L
2019-004-2559,24/07/2019 09:05:00 AM,25/07/2019 11:53:58 AM,31526,EPA - Nth Jack Point,,Chlorophyll a & b,"Chlorophyll b",8.82,µg/L
2019-004-2559,24/07/2019 09:05:00 AM,25/07/2019 11:53:58 AM,31526,EPA - Nth Jack Point,,Chlorophyll a & b,"Chlorophyll comment",Chlorophyll a & b results are the sum of chlorophyll & their degradation by products (Phaeophytins),
2019-004-2559,24/07/2019 09:05:00 AM,25/07/2019 11:53:58 AM,31526,EPA - Nth Jack Point,,Chloride,"Chloride",32800,mg/L
2019-004-2559,24/07/2019 09:05:00 AM,25/07/2019 11:53:58 AM,31526,EPA - Nth Jack Point,,Suspended Solids,"Suspended Solids",32,mg/L
2019-004-2559,24/07/2019 09:05:00 AM,25/07/2019 11:53:58 AM,31526,EPA - Nth Jack Point,,Silica - Reactive,"Silica - Reactive",2.20,mg/L
2019-004-2559,24/07/2019 09:05:00 AM,25/07/2019 11:53:58 AM,31526,EPA - Nth Jack Point,,Volatile Suspended Solids,"Fixed Solids",<1,mg/L
2019-004-2559,24/07/2019 09:05:00 AM,25/07/2019 11:53:58 AM,31526,EPA - Nth Jack Point,,Volatile Suspended Solids,"Volatile Suspended Solids",32,mg/L
2019-004-2559,24/07/2019 09:05:00 AM,25/07/2019 11:53:58 AM,31526,EPA - Nth Jack Point,,Nitrate + Nitrite as N,"Nitrate + Nitrite as N",<0.003,mg/L
2019-004-2559,24/07/2019 09:05:00 AM,25/07/2019 11:53:58 AM,31526,EPA - Nth Jack Point,,Phosphorus - Filterable Reactive as P,"Phosphorus - Filterable Reactive as P",0.004,mg/L
2019-004-2559,24/07/2019 09:05:00 AM,25/07/2019 11:53:58 AM,31526,EPA - Nth Jack Point,,Ammonia as N,"Ammonia as N",0.005,mg/L
2019-004-2559,24/07/2019 09:05:00 AM,25/07/2019 11:53:58 AM,31526,EPA - Nth Jack Point,,Nitrogen - Total,"Nitrogen - Total",4.90,mg/L
2019-004-2559,24/07/2019 09:05:00 AM,25/07/2019 11:53:58 AM,31526,EPA - Nth Jack Point,,Alkalinity Carbonate  Bicarbonate and Hydroxide,"Alkalinity as Calcium Carbonate",208,mg/L
2019-004-2559,24/07/2019 09:05:00 AM,25/07/2019 11:53:58 AM,31526,EPA - Nth Jack Point,,Alkalinity Carbonate  Bicarbonate and Hydroxide,"Bicarbonate",254,mg/L
2019-004-2559,24/07/2019 09:05:00 AM,25/07/2019 11:53:58 AM,31526,EPA - Nth Jack Point,,Alkalinity Carbonate  Bicarbonate and Hydroxide,"Carbonate",0,mg/L
2019-004-2559,24/07/2019 09:05:00 AM,25/07/2019 11:53:58 AM,31526,EPA - Nth Jack Point,,Alkalinity Carbonate  Bicarbonate and Hydroxide,"Hydroxide",0,mg/L
2019-004-2559,24/07/2019 09:05:00 AM,25/07/2019 11:53:58 AM,31526,EPA - Nth Jack Point,,Turbidity,"Turbidity",19,NTU
2019-004-2559,24/07/2019 09:05:00 AM,25/07/2019 11:53:58 AM,31526,EPA - Nth Jack Point,,Conductivity & Total Dissolved Solids,"Conductivity",92300,µS/cm
2019-004-2559,24/07/2019 09:05:00 AM,25/07/2019 11:53:58 AM,31526,EPA - Nth Jack Point,,Conductivity & Total Dissolved Solids,"Total Dissolved Solids (by EC)",76500,mg/L
2019-004-2559,24/07/2019 09:05:00 AM,25/07/2019 11:53:58 AM,31526,EPA - Nth Jack Point,,pH,"pH",8.0,pH units
2019-004-2559,24/07/2019 09:05:00 AM,25/07/2019 11:53:58 AM,31526,EPA - Nth Jack Point,,pH,"Temperature at which pH is measured",22.0,°C
2019-004-2559,24/07/2019 09:05:00 AM,25/07/2019 11:53:58 AM,31526,EPA - Nth Jack Point,,Dissolved Organic Carbon,"Dissolved Organic Carbon",18.5,mg/L
2019-004-2559,24/07/2019 09:05:00 AM,25/07/2019 11:53:58 AM,31526,EPA - Nth Jack Point,,Total Organic Carbon,"Total Organic Carbon",26.0,mg/L
2019-004-2560,24/07/2019 07:45:00 AM,25/07/2019 11:51:10 AM,31518,EPA - 12 South Salt Creek,,TKN as N,"TKN as Nitrogen",5.44,mg/L
2019-004-2560,24/07/2019 07:45:00 AM,25/07/2019 11:51:10 AM,31518,EPA - 12 South Salt Creek,,Phosphorus - Total,"Phosphorus - Total",0.267,mg/L
2019-004-2560,24/07/2019 07:45:00 AM,25/07/2019 11:51:10 AM,31518,EPA - 12 South Salt Creek,,Chlorophyll a & Phaeophytin a,"Chlorophyll a",66.3,µg/L
2019-004-2560,24/07/2019 07:45:00 AM,25/07/2019 11:51:10 AM,31518,EPA - 12 South Salt Creek,,Chlorophyll a & Phaeophytin a,"Phaeophytin a",31.8,µg/L
2019-004-2560,24/07/2019 07:45:00 AM,25/07/2019 11:51:10 AM,31518,EPA - 12 South Salt Creek,,Chlorophyll a & b,"Chlorophyll a",82.5,µg/L
2019-004-2560,24/07/2019 07:45:00 AM,25/07/2019 11:51:10 AM,31518,EPA - 12 South Salt Creek,,Chlorophyll a & b,"Chlorophyll b",11.6,µg/L
2019-004-2560,24/07/2019 07:45:00 AM,25/07/2019 11:51:10 AM,31518,EPA - 12 South Salt Creek,,Chlorophyll a & b,"Chlorophyll comment",Chlorophyll a & b results are the sum of chlorophyll & their degradation by products (Phaeophytins),
2019-004-2560,24/07/2019 07:45:00 AM,25/07/2019 11:51:10 AM,31518,EPA - 12 South Salt Creek,,Chloride,"Chloride",35800,mg/L
2019-004-2560,24/07/2019 07:45:00 AM,25/07/2019 11:51:10 AM,31518,EPA - 12 South Salt Creek,,Suspended Solids,"Suspended Solids",32,mg/L
2019-004-2560,24/07/2019 07:45:00 AM,25/07/2019 11:51:10 AM,31518,EPA - 12 South Salt Creek,,Silica - Reactive,"Silica - Reactive",2.79,mg/L
2019-004-2560,24/07/2019 07:45:00 AM,25/07/2019 11:51:10 AM,31518,EPA - 12 South Salt Creek,,Volatile Suspended Solids,"Fixed Solids",<1,mg/L
2019-004-2560,24/07/2019 07:45:00 AM,25/07/2019 11:51:10 AM,31518,EPA - 12 South Salt Creek,,Volatile Suspended Solids,"Volatile Suspended Solids",32,mg/L
2019-004-2560,24/07/2019 07:45:00 AM,25/07/2019 11:51:10 AM,31518,EPA - 12 South Salt Creek,,Nitrate + Nitrite as N,"Nitrate + Nitrite as N",0.005,mg/L
2019-004-2560,24/07/2019 07:45:00 AM,25/07/2019 11:51:10 AM,31518,EPA - 12 South Salt Creek,,Phosphorus - Filterable Reactive as P,"Phosphorus - Filterable Reactive as P",0.004,mg/L
2019-004-2560,24/07/2019 07:45:00 AM,25/07/2019 11:51:10 AM,31518,EPA - 12 South Salt Creek,,Ammonia as N,"Ammonia as N",0.010,mg/L
2019-004-2560,24/07/2019 07:45:00 AM,25/07/2019 11:51:10 AM,31518,EPA - 12 South Salt Creek,,Nitrogen - Total,"Nitrogen - Total",5.45,mg/L
2019-004-2560,24/07/2019 07:45:00 AM,25/07/2019 11:51:10 AM,31518,EPA - 12 South Salt Creek,,Alkalinity Carbonate  Bicarbonate and Hydroxide,"Alkalinity as Calcium Carbonate",211,mg/L
2019-004-2560,24/07/2019 07:45:00 AM,25/07/2019 11:51:10 AM,31518,EPA - 12 South Salt Creek,,Alkalinity Carbonate  Bicarbonate and Hydroxide,"Bicarbonate",257,mg/L
2019-004-2560,24/07/2019 07:45:00 AM,25/07/2019 11:51:10 AM,31518,EPA - 12 South Salt Creek,,Alkalinity Carbonate  Bicarbonate and Hydroxide,"Carbonate",0,mg/L
2019-004-2560,24/07/2019 07:45:00 AM,25/07/2019 11:51:10 AM,31518,EPA - 12 South Salt Creek,,Alkalinity Carbonate  Bicarbonate and Hydroxide,"Hydroxide",0,mg/L
2019-004-2560,24/07/2019 07:45:00 AM,25/07/2019 11:51:10 AM,31518,EPA - 12 South Salt Creek,,Turbidity,"Turbidity",17,NTU
2019-004-2560,24/07/2019 07:45:00 AM,25/07/2019 11:51:10 AM,31518,EPA - 12 South Salt Creek,,Conductivity & Total Dissolved Solids,"Conductivity",102000,µS/cm
2019-004-2560,24/07/2019 07:45:00 AM,25/07/2019 11:51:10 AM,31518,EPA - 12 South Salt Creek,,Conductivity & Total Dissolved Solids,"Total Dissolved Solids (by EC)",87500,mg/L
2019-004-2560,24/07/2019 07:45:00 AM,25/07/2019 11:51:10 AM,31518,EPA - 12 South Salt Creek,,pH,"pH",8.0,pH units
2019-004-2560,24/07/2019 07:45:00 AM,25/07/2019 11:51:10 AM,31518,EPA - 12 South Salt Creek,,pH,"Temperature at which pH is measured",21.9,°C
2019-004-2560,24/07/2019 07:45:00 AM,25/07/2019 11:51:10 AM,31518,EPA - 12 South Salt Creek,,Dissolved Organic Carbon,"Dissolved Organic Carbon",20.4,mg/L
2019-004-2560,24/07/2019 07:45:00 AM,25/07/2019 11:51:10 AM,31518,EPA - 12 South Salt Creek,,Total Organic Carbon,"Total Organic Carbon",27.7,mg/L
2019-004-2561,24/07/2019 08:45:00 AM,25/07/2019 11:51:28 AM,31516,EPA - Seagull Island,,TKN as N,"TKN as Nitrogen",5.09,mg/L
2019-004-2561,24/07/2019 08:45:00 AM,25/07/2019 11:51:28 AM,31516,EPA - Seagull Island,,Phosphorus - Total,"Phosphorus - Total",0.230,mg/L
2019-004-2561,24/07/2019 08:45:00 AM,25/07/2019 11:51:28 AM,31516,EPA - Seagull Island,,Chlorophyll a & Phaeophytin a,"Chlorophyll a",87.7,µg/L
2019-004-2561,24/07/2019 08:45:00 AM,25/07/2019 11:51:28 AM,31516,EPA - Seagull Island,,Chlorophyll a & Phaeophytin a,"Phaeophytin a",20.4,µg/L
2019-004-2561,24/07/2019 08:45:00 AM,25/07/2019 11:51:28 AM,31516,EPA - Seagull Island,,Chlorophyll a & b,"Chlorophyll a",97.1,µg/L
2019-004-2561,24/07/2019 08:45:00 AM,25/07/2019 11:51:28 AM,31516,EPA - Seagull Island,,Chlorophyll a & b,"Chlorophyll b",12.3,µg/L
2019-004-2561,24/07/2019 08:45:00 AM,25/07/2019 11:51:28 AM,31516,EPA - Seagull Island,,Chlorophyll a & b,"Chlorophyll comment",Chlorophyll a & b results are the sum of chlorophyll & their degradation by products (Phaeophytins),
2019-004-2561,24/07/2019 08:45:00 AM,25/07/2019 11:51:28 AM,31516,EPA - Seagull Island,,Chloride,"Chloride",33900,mg/L
2019-004-2561,24/07/2019 08:45:00 AM,25/07/2019 11:51:28 AM,31516,EPA - Seagull Island,,Suspended Solids,"Suspended Solids",24,mg/L
2019-004-2561,24/07/2019 08:45:00 AM,25/07/2019 11:51:28 AM,31516,EPA - Seagull Island,,Silica - Reactive,"Silica - Reactive",2.57,mg/L
2019-004-2561,24/07/2019 08:45:00 AM,25/07/2019 11:51:28 AM,31516,EPA - Seagull Island,,Volatile Suspended Solids,"Fixed Solids",<1,mg/L
2019-004-2561,24/07/2019 08:45:00 AM,25/07/2019 11:51:28 AM,31516,EPA - Seagull Island,,Volatile Suspended Solids,"Volatile Suspended Solids",24,mg/L
2019-004-2561,24/07/2019 08:45:00 AM,25/07/2019 11:51:28 AM,31516,EPA - Seagull Island,,Nitrate + Nitrite as N,"Nitrate + Nitrite as N",<0.003,mg/L
2019-004-2561,24/07/2019 08:45:00 AM,25/07/2019 11:51:28 AM,31516,EPA - Seagull Island,,Phosphorus - Filterable Reactive as P,"Phosphorus - Filterable Reactive as P",0.006,mg/L
2019-004-2561,24/07/2019 08:45:00 AM,25/07/2019 11:51:28 AM,31516,EPA - Seagull Island,,Ammonia as N,"Ammonia as N",0.008,mg/L
2019-004-2561,24/07/2019 08:45:00 AM,25/07/2019 11:51:28 AM,31516,EPA - Seagull Island,,Nitrogen - Total,"Nitrogen - Total",5.09,mg/L
2019-004-2561,24/07/2019 08:45:00 AM,25/07/2019 11:51:28 AM,31516,EPA - Seagull Island,,Alkalinity Carbonate  Bicarbonate and Hydroxide,"Alkalinity as Calcium Carbonate",210,mg/L
2019-004-2561,24/07/2019 08:45:00 AM,25/07/2019 11:51:28 AM,31516,EPA - Seagull Island,,Alkalinity Carbonate  Bicarbonate and Hydroxide,"Bicarbonate",256,mg/L
2019-004-2561,24/07/2019 08:45:00 AM,25/07/2019 11:51:28 AM,31516,EPA - Seagull Island,,Alkalinity Carbonate  Bicarbonate and Hydroxide,"Carbonate",0,mg/L
2019-004-2561,24/07/2019 08:45:00 AM,25/07/2019 11:51:28 AM,31516,EPA - Seagull Island,,Alkalinity Carbonate  Bicarbonate and Hydroxide,"Hydroxide",0,mg/L
2019-004-2561,24/07/2019 08:45:00 AM,25/07/2019 11:51:28 AM,31516,EPA - Seagull Island,,Turbidity,"Turbidity",16,NTU
2019-004-2561,24/07/2019 08:45:00 AM,25/07/2019 11:51:28 AM,31516,EPA - Seagull Island,,Conductivity & Total Dissolved Solids,"Conductivity",99300,µS/cm
2019-004-2561,24/07/2019 08:45:00 AM,25/07/2019 11:51:28 AM,31516,EPA - Seagull Island,,Conductivity & Total Dissolved Solids,"Total Dissolved Solids (by EC)",84400,mg/L
2019-004-2561,24/07/2019 08:45:00 AM,25/07/2019 11:51:28 AM,31516,EPA - Seagull Island,,pH,"pH",8.0,pH units
2019-004-2561,24/07/2019 08:45:00 AM,25/07/2019 11:51:28 AM,31516,EPA - Seagull Island,,pH,"Temperature at which pH is measured",22.0,°C
2019-004-2561,24/07/2019 08:45:00 AM,25/07/2019 11:51:28 AM,31516,EPA - Seagull Island,,Dissolved Organic Carbon,"Dissolved Organic Carbon",21.2,mg/L
2019-004-2561,24/07/2019 08:45:00 AM,25/07/2019 11:51:28 AM,31516,EPA - Seagull Island,,Total Organic Carbon,"Total Organic Carbon",28.5,mg/L
2019-004-2562,24/07/2019 08:00:00 AM,25/07/2019 11:54:16 AM,31511,EPA - 3.2km South Salt Creek,,TKN as N,"TKN as Nitrogen",5.22,mg/L
2019-004-2562,24/07/2019 08:00:00 AM,25/07/2019 11:54:16 AM,31511,EPA - 3.2km South Salt Creek,,Phosphorus - Total,"Phosphorus - Total",0.246,mg/L
2019-004-2562,24/07/2019 08:00:00 AM,25/07/2019 11:54:16 AM,31511,EPA - 3.2km South Salt Creek,,Chlorophyll a & Phaeophytin a,"Chlorophyll a",78.0,µg/L
2019-004-2562,24/07/2019 08:00:00 AM,25/07/2019 11:54:16 AM,31511,EPA - 3.2km South Salt Creek,,Chlorophyll a & Phaeophytin a,"Phaeophytin a",24.8,µg/L
2019-004-2562,24/07/2019 08:00:00 AM,25/07/2019 11:54:16 AM,31511,EPA - 3.2km South Salt Creek,,Chlorophyll a & b,"Chlorophyll a",90.3,µg/L
2019-004-2562,24/07/2019 08:00:00 AM,25/07/2019 11:54:16 AM,31511,EPA - 3.2km South Salt Creek,,Chlorophyll a & b,"Chlorophyll b",10.7,µg/L
2019-004-2562,24/07/2019 08:00:00 AM,25/07/2019 11:54:16 AM,31511,EPA - 3.2km South Salt Creek,,Chlorophyll a & b,"Chlorophyll comment",Chlorophyll a & b results are the sum of chlorophyll & their degradation by products (Phaeophytins),
2019-004-2562,24/07/2019 08:00:00 AM,25/07/2019 11:54:16 AM,31511,EPA - 3.2km South Salt Creek,,Chloride,"Chloride",35600,mg/L
2019-004-2562,24/07/2019 08:00:00 AM,25/07/2019 11:54:16 AM,31511,EPA - 3.2km South Salt Creek,,Suspended Solids,"Suspended Solids",32,mg/L
2019-004-2562,24/07/2019 08:00:00 AM,25/07/2019 11:54:16 AM,31511,EPA - 3.2km South Salt Creek,,Silica - Reactive,"Silica - Reactive",2.84,mg/L
2019-004-2562,24/07/2019 08:00:00 AM,25/07/2019 11:54:16 AM,31511,EPA - 3.2km South Salt Creek,,Volatile Suspended Solids,"Fixed Solids",<1,mg/L
2019-004-2562,24/07/2019 08:00:00 AM,25/07/2019 11:54:16 AM,31511,EPA - 3.2km South Salt Creek,,Volatile Suspended Solids,"Volatile Suspended Solids",32,mg/L
2019-004-2562,24/07/2019 08:00:00 AM,25/07/2019 11:54:16 AM,31511,EPA - 3.2km South Salt Creek,,Nitrate + Nitrite as N,"Nitrate + Nitrite as N",<0.003,mg/L
2019-004-2562,24/07/2019 08:00:00 AM,25/07/2019 11:54:16 AM,31511,EPA - 3.2km South Salt Creek,,Phosphorus - Filterable Reactive as P,"Phosphorus - Filterable Reactive as P",0.005,mg/L
2019-004-2562,24/07/2019 08:00:00 AM,25/07/2019 11:54:16 AM,31511,EPA - 3.2km South Salt Creek,,Ammonia as N,"Ammonia as N",0.005,mg/L
2019-004-2562,24/07/2019 08:00:00 AM,25/07/2019 11:54:16 AM,31511,EPA - 3.2km South Salt Creek,,Nitrogen - Total,"Nitrogen - Total",5.22,mg/L
2019-004-2562,24/07/2019 08:00:00 AM,25/07/2019 11:54:16 AM,31511,EPA - 3.2km South Salt Creek,,Alkalinity Carbonate  Bicarbonate and Hydroxide,"Alkalinity as Calcium Carbonate",209,mg/L
2019-004-2562,24/07/2019 08:00:00 AM,25/07/2019 11:54:16 AM,31511,EPA - 3.2km South Salt Creek,,Alkalinity Carbonate  Bicarbonate and Hydroxide,"Bicarbonate",255,mg/L
2019-004-2562,24/07/2019 08:00:00 AM,25/07/2019 11:54:16 AM,31511,EPA - 3.2km South Salt Creek,,Alkalinity Carbonate  Bicarbonate and Hydroxide,"Carbonate",0,mg/L
2019-004-2562,24/07/2019 08:00:00 AM,25/07/2019 11:54:16 AM,31511,EPA - 3.2km South Salt Creek,,Alkalinity Carbonate  Bicarbonate and Hydroxide,"Hydroxide",0,mg/L
2019-004-2562,24/07/2019 08:00:00 AM,25/07/2019 11:54:16 AM,31511,EPA - 3.2km South Salt Creek,,Turbidity,"Turbidity",16,NTU
2019-004-2562,24/07/2019 08:00:00 AM,25/07/2019 11:54:16 AM,31511,EPA - 3.2km South Salt Creek,,Conductivity & Total Dissolved Solids,"Conductivity",102000,µS/cm
2019-004-2562,24/07/2019 08:00:00 AM,25/07/2019 11:54:16 AM,31511,EPA - 3.2km South Salt Creek,,Conductivity & Total Dissolved Solids,"Total Dissolved Solids (by EC)",87500,mg/L
2019-004-2562,24/07/2019 08:00:00 AM,25/07/2019 11:54:16 AM,31511,EPA - 3.2km South Salt Creek,,pH,"pH",8.0,pH units
2019-004-2562,24/07/2019 08:00:00 AM,25/07/2019 11:54:16 AM,31511,EPA - 3.2km South Salt Creek,,pH,"Temperature at which pH is measured",22.0,°C
2019-004-2562,24/07/2019 08:00:00 AM,25/07/2019 11:54:16 AM,31511,EPA - 3.2km South Salt Creek,,Dissolved Organic Carbon,"Dissolved Organic Carbon",21.9,mg/L
2019-004-2562,24/07/2019 08:00:00 AM,25/07/2019 11:54:16 AM,31511,EPA - 3.2km South Salt Creek,,Total Organic Carbon,"Total Organic Carbon",30.8,mg/L
2019-004-2563,24/07/2019 08:25:00 AM,25/07/2019 11:51:47 AM,31515,EPA - Snipe Point,,TKN as N,"TKN as Nitrogen",5.26,mg/L
2019-004-2563,24/07/2019 08:25:00 AM,25/07/2019 11:51:47 AM,31515,EPA - Snipe Point,,Phosphorus - Total,"Phosphorus - Total",0.208,mg/L
2019-004-2563,24/07/2019 08:25:00 AM,25/07/2019 11:51:47 AM,31515,EPA - Snipe Point,,Chlorophyll a & Phaeophytin a,"Chlorophyll a",90.6,µg/L
2019-004-2563,24/07/2019 08:25:00 AM,25/07/2019 11:51:47 AM,31515,EPA - Snipe Point,,Chlorophyll a & Phaeophytin a,"Phaeophytin a",29.5,µg/L
2019-004-2563,24/07/2019 08:25:00 AM,25/07/2019 11:51:47 AM,31515,EPA - Snipe Point,,Chlorophyll a & b,"Chlorophyll a",105,µg/L
2019-004-2563,24/07/2019 08:25:00 AM,25/07/2019 11:51:47 AM,31515,EPA - Snipe Point,,Chlorophyll a & b,"Chlorophyll b",13.0,µg/L
2019-004-2563,24/07/2019 08:25:00 AM,25/07/2019 11:51:47 AM,31515,EPA - Snipe Point,,Chlorophyll a & b,"Chlorophyll comment",Chlorophyll a & b results are the sum of chlorophyll & their degradation by products (Phaeophytins),
2019-004-2563,24/07/2019 08:25:00 AM,25/07/2019 11:51:47 AM,31515,EPA - Snipe Point,,Chloride,"Chloride",37500,mg/L
2019-004-2563,24/07/2019 08:25:00 AM,25/07/2019 11:51:47 AM,31515,EPA - Snipe Point,,Suspended Solids,"Suspended Solids",32,mg/L
2019-004-2563,24/07/2019 08:25:00 AM,25/07/2019 11:51:47 AM,31515,EPA - Snipe Point,,Silica - Reactive,"Silica - Reactive",2.80,mg/L
2019-004-2563,24/07/2019 08:25:00 AM,25/07/2019 11:51:47 AM,31515,EPA - Snipe Point,,Volatile Suspended Solids,"Fixed Solids",<1,mg/L
2019-004-2563,24/07/2019 08:25:00 AM,25/07/2019 11:51:47 AM,31515,EPA - Snipe Point,,Volatile Suspended Solids,"Volatile Suspended Solids",32,mg/L
2019-004-2563,24/07/2019 08:25:00 AM,25/07/2019 11:51:47 AM,31515,EPA - Snipe Point,,Nitrate + Nitrite as N,"Nitrate + Nitrite as N",<0.003,mg/L
2019-004-2563,24/07/2019 08:25:00 AM,25/07/2019 11:51:47 AM,31515,EPA - Snipe Point,,Phosphorus - Filterable Reactive as P,"Phosphorus - Filterable Reactive as P",0.007,mg/L
2019-004-2563,24/07/2019 08:25:00 AM,25/07/2019 11:51:47 AM,31515,EPA - Snipe Point,,Ammonia as N,"Ammonia as N",0.008,mg/L
2019-004-2563,24/07/2019 08:25:00 AM,25/07/2019 11:51:47 AM,31515,EPA - Snipe Point,,Nitrogen - Total,"Nitrogen - Total",5.26,mg/L
2019-004-2563,24/07/2019 08:25:00 AM,25/07/2019 11:51:47 AM,31515,EPA - Snipe Point,,Alkalinity Carbonate  Bicarbonate and Hydroxide,"Alkalinity as Calcium Carbonate",210,mg/L
2019-004-2563,24/07/2019 08:25:00 AM,25/07/2019 11:51:47 AM,31515,EPA - Snipe Point,,Alkalinity Carbonate  Bicarbonate and Hydroxide,"Bicarbonate",257,mg/L
2019-004-2563,24/07/2019 08:25:00 AM,25/07/2019 11:51:47 AM,31515,EPA - Snipe Point,,Alkalinity Carbonate  Bicarbonate and Hydroxide,"Carbonate",0,mg/L
2019-004-2563,24/07/2019 08:25:00 AM,25/07/2019 11:51:47 AM,31515,EPA - Snipe Point,,Alkalinity Carbonate  Bicarbonate and Hydroxide,"Hydroxide",0,mg/L
2019-004-2563,24/07/2019 08:25:00 AM,25/07/2019 11:51:47 AM,31515,EPA - Snipe Point,,Turbidity,"Turbidity",16,NTU
2019-004-2563,24/07/2019 08:25:00 AM,25/07/2019 11:51:47 AM,31515,EPA - Snipe Point,,Conductivity & Total Dissolved Solids,"Conductivity",102000,µS/cm
2019-004-2563,24/07/2019 08:25:00 AM,25/07/2019 11:51:47 AM,31515,EPA - Snipe Point,,Conductivity & Total Dissolved Solids,"Total Dissolved Solids (by EC)",87500,mg/L
2019-004-2563,24/07/2019 08:25:00 AM,25/07/2019 11:51:47 AM,31515,EPA - Snipe Point,,pH,"pH",8.0,pH units
2019-004-2563,24/07/2019 08:25:00 AM,25/07/2019 11:51:47 AM,31515,EPA - Snipe Point,,pH,"Temperature at which pH is measured",22.0,°C
2019-004-2563,24/07/2019 08:25:00 AM,25/07/2019 11:51:47 AM,31515,EPA - Snipe Point,,Dissolved Organic Carbon,"Dissolved Organic Carbon",20.3,mg/L
2019-004-2563,24/07/2019 08:25:00 AM,25/07/2019 11:51:47 AM,31515,EPA - Snipe Point,,Total Organic Carbon,"Total Organic Carbon",29.6,mg/L
2019-004-2564,24/07/2019 08:00:00 AM,25/07/2019 11:52:06 AM,31517,EPA - 1.8km West Salt Creek,,TKN as N,"TKN as Nitrogen",5.33,mg/L
2019-004-2564,24/07/2019 08:00:00 AM,25/07/2019 11:52:06 AM,31517,EPA - 1.8km West Salt Creek,,Phosphorus - Total,"Phosphorus - Total",0.219,mg/L
2019-004-2564,24/07/2019 08:00:00 AM,25/07/2019 11:52:06 AM,31517,EPA - 1.8km West Salt Creek,,Chlorophyll a & Phaeophytin a,"Chlorophyll a",76.5,µg/L
2019-004-2564,24/07/2019 08:00:00 AM,25/07/2019 11:52:06 AM,31517,EPA - 1.8km West Salt Creek,,Chlorophyll a & Phaeophytin a,"Phaeophytin a",28.2,µg/L
2019-004-2564,24/07/2019 08:00:00 AM,25/07/2019 11:52:06 AM,31517,EPA - 1.8km West Salt Creek,,Chlorophyll a & b,"Chlorophyll a",90.5,µg/L
2019-004-2564,24/07/2019 08:00:00 AM,25/07/2019 11:52:06 AM,31517,EPA - 1.8km West Salt Creek,,Chlorophyll a & b,"Chlorophyll b",12.0,µg/L
2019-004-2564,24/07/2019 08:00:00 AM,25/07/2019 11:52:06 AM,31517,EPA - 1.8km West Salt Creek,,Chlorophyll a & b,"Chlorophyll comment",Chlorophyll a & b results are the sum of chlorophyll & their degradation by products (Phaeophytins),
2019-004-2564,24/07/2019 08:00:00 AM,25/07/2019 11:52:06 AM,31517,EPA - 1.8km West Salt Creek,,Chloride,"Chloride",35300,mg/L
2019-004-2564,24/07/2019 08:00:00 AM,25/07/2019 11:52:06 AM,31517,EPA - 1.8km West Salt Creek,,Suspended Solids,"Suspended Solids",24,mg/L
2019-004-2564,24/07/2019 08:00:00 AM,25/07/2019 11:52:06 AM,31517,EPA - 1.8km West Salt Creek,,Silica - Reactive,"Silica - Reactive",2.84,mg/L
2019-004-2564,24/07/2019 08:00:00 AM,25/07/2019 11:52:06 AM,31517,EPA - 1.8km West Salt Creek,,Volatile Suspended Solids,"Fixed Solids",<1,mg/L
2019-004-2564,24/07/2019 08:00:00 AM,25/07/2019 11:52:06 AM,31517,EPA - 1.8km West Salt Creek,,Volatile Suspended Solids,"Volatile Suspended Solids",24,mg/L
2019-004-2564,24/07/2019 08:00:00 AM,25/07/2019 11:52:06 AM,31517,EPA - 1.8km West Salt Creek,,Nitrate + Nitrite as N,"Nitrate + Nitrite as N",<0.003,mg/L
2019-004-2564,24/07/2019 08:00:00 AM,25/07/2019 11:52:06 AM,31517,EPA - 1.8km West Salt Creek,,Phosphorus - Filterable Reactive as P,"Phosphorus - Filterable Reactive as P",0.007,mg/L
2019-004-2564,24/07/2019 08:00:00 AM,25/07/2019 11:52:06 AM,31517,EPA - 1.8km West Salt Creek,,Ammonia as N,"Ammonia as N",0.011,mg/L
2019-004-2564,24/07/2019 08:00:00 AM,25/07/2019 11:52:06 AM,31517,EPA - 1.8km West Salt Creek,,Nitrogen - Total,"Nitrogen - Total",5.33,mg/L
2019-004-2564,24/07/2019 08:00:00 AM,25/07/2019 11:52:06 AM,31517,EPA - 1.8km West Salt Creek,,Alkalinity Carbonate  Bicarbonate and Hydroxide,"Alkalinity as Calcium Carbonate",209,mg/L
2019-004-2564,24/07/2019 08:00:00 AM,25/07/2019 11:52:06 AM,31517,EPA - 1.8km West Salt Creek,,Alkalinity Carbonate  Bicarbonate and Hydroxide,"Bicarbonate",255,mg/L
2019-004-2564,24/07/2019 08:00:00 AM,25/07/2019 11:52:06 AM,31517,EPA - 1.8km West Salt Creek,,Alkalinity Carbonate  Bicarbonate and Hydroxide,"Carbonate",0,mg/L
2019-004-2564,24/07/2019 08:00:00 AM,25/07/2019 11:52:06 AM,31517,EPA - 1.8km West Salt Creek,,Alkalinity Carbonate  Bicarbonate and Hydroxide,"Hydroxide",0,mg/L
2019-004-2564,24/07/2019 08:00:00 AM,25/07/2019 11:52:06 AM,31517,EPA - 1.8km West Salt Creek,,Turbidity,"Turbidity",17,NTU
2019-004-2564,24/07/2019 08:00:00 AM,25/07/2019 11:52:06 AM,31517,EPA - 1.8km West Salt Creek,,Conductivity & Total Dissolved Solids,"Conductivity",103000,µS/cm
2019-004-2564,24/07/2019 08:00:00 AM,25/07/2019 11:52:06 AM,31517,EPA - 1.8km West Salt Creek,,Conductivity & Total Dissolved Solids,"Total Dissolved Solids (by EC)",88700,mg/L
2019-004-2564,24/07/2019 08:00:00 AM,25/07/2019 11:52:06 AM,31517,EPA - 1.8km West Salt Creek,,pH,"pH",7.9,pH units
2019-004-2564,24/07/2019 08:00:00 AM,25/07/2019 11:52:06 AM,31517,EPA - 1.8km West Salt Creek,,pH,"Temperature at which pH is measured",22.4,°C
2019-004-2564,24/07/2019 08:00:00 AM,25/07/2019 11:52:06 AM,31517,EPA - 1.8km West Salt Creek,,Dissolved Organic Carbon,"Dissolved Organic Carbon",20.7,mg/L
2019-004-2564,24/07/2019 08:00:00 AM,25/07/2019 11:52:06 AM,31517,EPA - 1.8km West Salt Creek,,Total Organic Carbon,"Total Organic Carbon",28.3,mg/L
2019-004-2565,24/07/2019 09:35:00 AM,25/07/2019 11:52:26 AM,31514,EPA - Stoney Well,,TKN as N,"TKN as Nitrogen",4.54,mg/L
2019-004-2565,24/07/2019 09:35:00 AM,25/07/2019 11:52:26 AM,31514,EPA - Stoney Well,,Phosphorus - Total,"Phosphorus - Total",0.225,mg/L
2019-004-2565,24/07/2019 09:35:00 AM,25/07/2019 11:52:26 AM,31514,EPA - Stoney Well,,Chlorophyll a & Phaeophytin a,"Chlorophyll a",52.1,µg/L
2019-004-2565,24/07/2019 09:35:00 AM,25/07/2019 11:52:26 AM,31514,EPA - Stoney Well,,Chlorophyll a & Phaeophytin a,"Phaeophytin a",20.3,µg/L
2019-004-2565,24/07/2019 09:35:00 AM,25/07/2019 11:52:26 AM,31514,EPA - Stoney Well,,Chlorophyll a & b,"Chlorophyll a",62.1,µg/L
2019-004-2565,24/07/2019 09:35:00 AM,25/07/2019 11:52:26 AM,31514,EPA - Stoney Well,,Chlorophyll a & b,"Chlorophyll b",8.94,µg/L
2019-004-2565,24/07/2019 09:35:00 AM,25/07/2019 11:52:26 AM,31514,EPA - Stoney Well,,Chlorophyll a & b,"Chlorophyll comment",Chlorophyll a & b results are the sum of chlorophyll & their degradation by products (Phaeophytins),
2019-004-2565,24/07/2019 09:35:00 AM,25/07/2019 11:52:26 AM,31514,EPA - Stoney Well,,Chloride,"Chloride",33100,mg/L
2019-004-2565,24/07/2019 09:35:00 AM,25/07/2019 11:52:26 AM,31514,EPA - Stoney Well,,Suspended Solids,"Suspended Solids",20,mg/L
2019-004-2565,24/07/2019 09:35:00 AM,25/07/2019 11:52:26 AM,31514,EPA - Stoney Well,,Silica - Reactive,"Silica - Reactive",2.14,mg/L
2019-004-2565,24/07/2019 09:35:00 AM,25/07/2019 11:52:26 AM,31514,EPA - Stoney Well,,Volatile Suspended Solids,"Fixed Solids",<1,mg/L
2019-004-2565,24/07/2019 09:35:00 AM,25/07/2019 11:52:26 AM,31514,EPA - Stoney Well,,Volatile Suspended Solids,"Volatile Suspended Solids",20,mg/L
2019-004-2565,24/07/2019 09:35:00 AM,25/07/2019 11:52:26 AM,31514,EPA - Stoney Well,,Nitrate + Nitrite as N,"Nitrate + Nitrite as N",0.003,mg/L
2019-004-2565,24/07/2019 09:35:00 AM,25/07/2019 11:52:26 AM,31514,EPA - Stoney Well,,Phosphorus - Filterable Reactive as P,"Phosphorus - Filterable Reactive as P",0.004,mg/L
2019-004-2565,24/07/2019 09:35:00 AM,25/07/2019 11:52:26 AM,31514,EPA - Stoney Well,,Ammonia as N,"Ammonia as N",<0.005,mg/L
2019-004-2565,24/07/2019 09:35:00 AM,25/07/2019 11:52:26 AM,31514,EPA - Stoney Well,,Nitrogen - Total,"Nitrogen - Total",4.54,mg/L
2019-004-2565,24/07/2019 09:35:00 AM,25/07/2019 11:52:26 AM,31514,EPA - Stoney Well,,Alkalinity Carbonate  Bicarbonate and Hydroxide,"Alkalinity as Calcium Carbonate",207,mg/L
2019-004-2565,24/07/2019 09:35:00 AM,25/07/2019 11:52:26 AM,31514,EPA - Stoney Well,,Alkalinity Carbonate  Bicarbonate and Hydroxide,"Bicarbonate",253,mg/L
2019-004-2565,24/07/2019 09:35:00 AM,25/07/2019 11:52:26 AM,31514,EPA - Stoney Well,,Alkalinity Carbonate  Bicarbonate and Hydroxide,"Carbonate",0,mg/L
2019-004-2565,24/07/2019 09:35:00 AM,25/07/2019 11:52:26 AM,31514,EPA - Stoney Well,,Alkalinity Carbonate  Bicarbonate and Hydroxide,"Hydroxide",0,mg/L
2019-004-2565,24/07/2019 09:35:00 AM,25/07/2019 11:52:26 AM,31514,EPA - Stoney Well,,Turbidity,"Turbidity",19,NTU
2019-004-2565,24/07/2019 09:35:00 AM,25/07/2019 11:52:26 AM,31514,EPA - Stoney Well,,Conductivity & Total Dissolved Solids,"Conductivity",92700,µS/cm
2019-004-2565,24/07/2019 09:35:00 AM,25/07/2019 11:52:26 AM,31514,EPA - Stoney Well,,Conductivity & Total Dissolved Solids,"Total Dissolved Solids (by EC)",76900,mg/L
2019-004-2565,24/07/2019 09:35:00 AM,25/07/2019 11:52:26 AM,31514,EPA - Stoney Well,,pH,"pH",8.0,pH units
2019-004-2565,24/07/2019 09:35:00 AM,25/07/2019 11:52:26 AM,31514,EPA - Stoney Well,,pH,"Temperature at which pH is measured",22.4,°C
2019-004-2565,24/07/2019 09:35:00 AM,25/07/2019 11:52:26 AM,31514,EPA - Stoney Well,,Dissolved Organic Carbon,"Dissolved Organic Carbon",18.3,mg/L
2019-004-2565,24/07/2019 09:35:00 AM,25/07/2019 11:52:26 AM,31514,EPA - Stoney Well,,Total Organic Carbon,"Total Organic Carbon",24.6,mg/L
2019-004-2566,24/07/2019 11:35:00 AM,25/07/2019 11:52:44 AM,31512,EPA - McGrath Flat North,,TKN as N,"TKN as Nitrogen",1.81,mg/L
2019-004-2566,24/07/2019 11:35:00 AM,25/07/2019 11:52:44 AM,31512,EPA - McGrath Flat North,,Phosphorus - Total,"Phosphorus - Total",0.096,mg/L
2019-004-2566,24/07/2019 11:35:00 AM,25/07/2019 11:52:44 AM,31512,EPA - McGrath Flat North,,Chlorophyll a & Phaeophytin a,"Chlorophyll a",11.9,µg/L
2019-004-2566,24/07/2019 11:35:00 AM,25/07/2019 11:52:44 AM,31512,EPA - McGrath Flat North,,Chlorophyll a & Phaeophytin a,"Phaeophytin a",9.64,µg/L
2019-004-2566,24/07/2019 11:35:00 AM,25/07/2019 11:52:44 AM,31512,EPA - McGrath Flat North,,Chlorophyll a & b,"Chlorophyll a",17.2,µg/L
2019-004-2566,24/07/2019 11:35:00 AM,25/07/2019 11:52:44 AM,31512,EPA - McGrath Flat North,,Chlorophyll a & b,"Chlorophyll b",1.77,µg/L
2019-004-2566,24/07/2019 11:35:00 AM,25/07/2019 11:52:44 AM,31512,EPA - McGrath Flat North,,Chlorophyll a & b,"Chlorophyll comment",Chlorophyll a & b results are the sum of chlorophyll & their degradation by products (Phaeophytins),
2019-004-2566,24/07/2019 11:35:00 AM,25/07/2019 11:52:44 AM,31512,EPA - McGrath Flat North,,Chloride,"Chloride",18800,mg/L
2019-004-2566,24/07/2019 11:35:00 AM,25/07/2019 11:52:44 AM,31512,EPA - McGrath Flat North,,Suspended Solids,"Suspended Solids",36,mg/L
2019-004-2566,24/07/2019 11:35:00 AM,25/07/2019 11:52:44 AM,31512,EPA - McGrath Flat North,,Silica - Reactive,"Silica - Reactive",0.16,mg/L
2019-004-2566,24/07/2019 11:35:00 AM,25/07/2019 11:52:44 AM,31512,EPA - McGrath Flat North,,Volatile Suspended Solids,"Fixed Solids",12,mg/L
2019-004-2566,24/07/2019 11:35:00 AM,25/07/2019 11:52:44 AM,31512,EPA - McGrath Flat North,,Volatile Suspended Solids,"Volatile Suspended Solids",24,mg/L
2019-004-2566,24/07/2019 11:35:00 AM,25/07/2019 11:52:44 AM,31512,EPA - McGrath Flat North,,Nitrate + Nitrite as N,"Nitrate + Nitrite as N",<0.003,mg/L
2019-004-2566,24/07/2019 11:35:00 AM,25/07/2019 11:52:44 AM,31512,EPA - McGrath Flat North,,Phosphorus - Filterable Reactive as P,"Phosphorus - Filterable Reactive as P",<0.003,mg/L
2019-004-2566,24/07/2019 11:35:00 AM,25/07/2019 11:52:44 AM,31512,EPA - McGrath Flat North,,Ammonia as N,"Ammonia as N",<0.005,mg/L
2019-004-2566,24/07/2019 11:35:00 AM,25/07/2019 11:52:44 AM,31512,EPA - McGrath Flat North,,Nitrogen - Total,"Nitrogen - Total",1.81,mg/L
2019-004-2566,24/07/2019 11:35:00 AM,25/07/2019 11:52:44 AM,31512,EPA - McGrath Flat North,,Alkalinity Carbonate  Bicarbonate and Hydroxide,"Alkalinity as Calcium Carbonate",164,mg/L
2019-004-2566,24/07/2019 11:35:00 AM,25/07/2019 11:52:44 AM,31512,EPA - McGrath Flat North,,Alkalinity Carbonate  Bicarbonate and Hydroxide,"Bicarbonate",200,mg/L
2019-004-2566,24/07/2019 11:35:00 AM,25/07/2019 11:52:44 AM,31512,EPA - McGrath Flat North,,Alkalinity Carbonate  Bicarbonate and Hydroxide,"Carbonate",0,mg/L
2019-004-2566,24/07/2019 11:35:00 AM,25/07/2019 11:52:44 AM,31512,EPA - McGrath Flat North,,Alkalinity Carbonate  Bicarbonate and Hydroxide,"Hydroxide",0,mg/L
2019-004-2566,24/07/2019 11:35:00 AM,25/07/2019 11:52:44 AM,31512,EPA - McGrath Flat North,,Turbidity,"Turbidity",15,NTU
2019-004-2566,24/07/2019 11:35:00 AM,25/07/2019 11:52:44 AM,31512,EPA - McGrath Flat North,,Conductivity & Total Dissolved Solids,"Conductivity",58200,µS/cm
2019-004-2566,24/07/2019 11:35:00 AM,25/07/2019 11:52:44 AM,31512,EPA - McGrath Flat North,,Conductivity & Total Dissolved Solids,"Total Dissolved Solids (by EC)",42300,mg/L
2019-004-2566,24/07/2019 11:35:00 AM,25/07/2019 11:52:44 AM,31512,EPA - McGrath Flat North,,pH,"pH",8.1,pH units
2019-004-2566,24/07/2019 11:35:00 AM,25/07/2019 11:52:44 AM,31512,EPA - McGrath Flat North,,pH,"Temperature at which pH is measured",22.4,°C
2019-004-2566,24/07/2019 11:35:00 AM,25/07/2019 11:52:44 AM,31512,EPA - McGrath Flat North,,Dissolved Organic Carbon,"Dissolved Organic Carbon",10.6,mg/L
2019-004-2566,24/07/2019 11:35:00 AM,25/07/2019 11:52:44 AM,31512,EPA - McGrath Flat North,,Total Organic Carbon,"Total Organic Carbon",13.0,mg/L
2019-004-2567,24/07/2019 10:30:00 AM,25/07/2019 11:54:33 AM,31513,EPA - Parnka Point Boat Ramp,,TKN as N,"TKN as Nitrogen",1.74,mg/L
2019-004-2567,24/07/2019 10:30:00 AM,25/07/2019 11:54:33 AM,31513,EPA - Parnka Point Boat Ramp,,Phosphorus - Total,"Phosphorus - Total",0.111,mg/L
2019-004-2567,24/07/2019 10:30:00 AM,25/07/2019 11:54:33 AM,31513,EPA - Parnka Point Boat Ramp,,Chlorophyll a & Phaeophytin a,"Chlorophyll a",19.2,µg/L
2019-004-2567,24/07/2019 10:30:00 AM,25/07/2019 11:54:33 AM,31513,EPA - Parnka Point Boat Ramp,,Chlorophyll a & Phaeophytin a,"Phaeophytin a",9.85,µg/L
2019-004-2567,24/07/2019 10:30:00 AM,25/07/2019 11:54:33 AM,31513,EPA - Parnka Point Boat Ramp,,Chlorophyll a & b,"Chlorophyll a",24.7,µg/L
2019-004-2567,24/07/2019 10:30:00 AM,25/07/2019 11:54:33 AM,31513,EPA - Parnka Point Boat Ramp,,Chlorophyll a & b,"Chlorophyll b",1.50,µg/L
2019-004-2567,24/07/2019 10:30:00 AM,25/07/2019 11:54:33 AM,31513,EPA - Parnka Point Boat Ramp,,Chlorophyll a & b,"Chlorophyll comment",Chlorophyll a & b results are the sum of chlorophyll & their degradation by products (Phaeophytins),
2019-004-2567,24/07/2019 10:30:00 AM,25/07/2019 11:54:33 AM,31513,EPA - Parnka Point Boat Ramp,,Chloride,"Chloride",19500,mg/L
2019-004-2567,24/07/2019 10:30:00 AM,25/07/2019 11:54:33 AM,31513,EPA - Parnka Point Boat Ramp,,Suspended Solids,"Suspended Solids",12,mg/L
2019-004-2567,24/07/2019 10:30:00 AM,25/07/2019 11:54:33 AM,31513,EPA - Parnka Point Boat Ramp,,Silica - Reactive,"Silica - Reactive",0.21,mg/L
2019-004-2567,24/07/2019 10:30:00 AM,25/07/2019 11:54:33 AM,31513,EPA - Parnka Point Boat Ramp,,Volatile Suspended Solids,"Fixed Solids",4,mg/L
2019-004-2567,24/07/2019 10:30:00 AM,25/07/2019 11:54:33 AM,31513,EPA - Parnka Point Boat Ramp,,Volatile Suspended Solids,"Volatile Suspended Solids",8,mg/L
2019-004-2567,24/07/2019 10:30:00 AM,25/07/2019 11:54:33 AM,31513,EPA - Parnka Point Boat Ramp,,Nitrate + Nitrite as N,"Nitrate + Nitrite as N",<0.003,mg/L
2019-004-2567,24/07/2019 10:30:00 AM,25/07/2019 11:54:33 AM,31513,EPA - Parnka Point Boat Ramp,,Phosphorus - Filterable Reactive as P,"Phosphorus - Filterable Reactive as P",<0.003,mg/L
2019-004-2567,24/07/2019 10:30:00 AM,25/07/2019 11:54:33 AM,31513,EPA - Parnka Point Boat Ramp,,Ammonia as N,"Ammonia as N",0.006,mg/L
2019-004-2567,24/07/2019 10:30:00 AM,25/07/2019 11:54:33 AM,31513,EPA - Parnka Point Boat Ramp,,Nitrogen - Total,"Nitrogen - Total",1.74,mg/L
2019-004-2567,24/07/2019 10:30:00 AM,25/07/2019 11:54:33 AM,31513,EPA - Parnka Point Boat Ramp,,Alkalinity Carbonate  Bicarbonate and Hydroxide,"Alkalinity as Calcium Carbonate",163,mg/L
2019-004-2567,24/07/2019 10:30:00 AM,25/07/2019 11:54:33 AM,31513,EPA - Parnka Point Boat Ramp,,Alkalinity Carbonate  Bicarbonate and Hydroxide,"Bicarbonate",199,mg/L
2019-004-2567,24/07/2019 10:30:00 AM,25/07/2019 11:54:33 AM,31513,EPA - Parnka Point Boat Ramp,,Alkalinity Carbonate  Bicarbonate and Hydroxide,"Carbonate",0,mg/L
2019-004-2567,24/07/2019 10:30:00 AM,25/07/2019 11:54:33 AM,31513,EPA - Parnka Point Boat Ramp,,Alkalinity Carbonate  Bicarbonate and Hydroxide,"Hydroxide",0,mg/L
2019-004-2567,24/07/2019 10:30:00 AM,25/07/2019 11:54:33 AM,31513,EPA - Parnka Point Boat Ramp,,Turbidity,"Turbidity",13,NTU
2019-004-2567,24/07/2019 10:30:00 AM,25/07/2019 11:54:33 AM,31513,EPA - Parnka Point Boat Ramp,,Conductivity & Total Dissolved Solids,"Conductivity",56700,µS/cm
2019-004-2567,24/07/2019 10:30:00 AM,25/07/2019 11:54:33 AM,31513,EPA - Parnka Point Boat Ramp,,Conductivity & Total Dissolved Solids,"Total Dissolved Solids (by EC)",40900,mg/L
2019-004-2567,24/07/2019 10:30:00 AM,25/07/2019 11:54:33 AM,31513,EPA - Parnka Point Boat Ramp,,pH,"pH",8.0,pH units
2019-004-2567,24/07/2019 10:30:00 AM,25/07/2019 11:54:33 AM,31513,EPA - Parnka Point Boat Ramp,,pH,"Temperature at which pH is measured",21.9,°C
2019-004-2567,24/07/2019 10:30:00 AM,25/07/2019 11:54:33 AM,31513,EPA - Parnka Point Boat Ramp,,Dissolved Organic Carbon,"Dissolved Organic Carbon",10.5,mg/L
2019-004-2567,24/07/2019 10:30:00 AM,25/07/2019 11:54:33 AM,31513,EPA - Parnka Point Boat Ramp,,Total Organic Carbon,"Total Organic Carbon",12.6,mg/L
2019-004-2568,24/07/2019 08:20:00 AM,25/07/2019 11:53:21 AM,315191,EPA - Morella Creek @ guage,,TKN as N,"TKN as Nitrogen",1.24,mg/L
2019-004-2568,24/07/2019 08:20:00 AM,25/07/2019 11:53:21 AM,315191,EPA - Morella Creek @ guage,,Phosphorus - Total,"Phosphorus - Total",0.073,mg/L
2019-004-2568,24/07/2019 08:20:00 AM,25/07/2019 11:53:21 AM,315191,EPA - Morella Creek @ guage,,Chlorophyll a & Phaeophytin a,"Chlorophyll a",17.5,µg/L
2019-004-2568,24/07/2019 08:20:00 AM,25/07/2019 11:53:21 AM,315191,EPA - Morella Creek @ guage,,Chlorophyll a & Phaeophytin a,"Phaeophytin a",15.1,µg/L
2019-004-2568,24/07/2019 08:20:00 AM,25/07/2019 11:53:21 AM,315191,EPA - Morella Creek @ guage,,Chlorophyll a & b,"Chlorophyll a",26.0,µg/L
2019-004-2568,24/07/2019 08:20:00 AM,25/07/2019 11:53:21 AM,315191,EPA - Morella Creek @ guage,,Chlorophyll a & b,"Chlorophyll b",1.68,µg/L
2019-004-2568,24/07/2019 08:20:00 AM,25/07/2019 11:53:21 AM,315191,EPA - Morella Creek @ guage,,Chlorophyll a & b,"Chlorophyll comment",Chlorophyll a & b results are the sum of chlorophyll & their degradation by products (Phaeophytins),
2019-004-2568,24/07/2019 08:20:00 AM,25/07/2019 11:53:21 AM,315191,EPA - Morella Creek @ guage,,Chloride,"Chloride",2110,mg/L
2019-004-2568,24/07/2019 08:20:00 AM,25/07/2019 11:53:21 AM,315191,EPA - Morella Creek @ guage,,Suspended Solids,"Suspended Solids",256,mg/L
2019-004-2568,24/07/2019 08:20:00 AM,25/07/2019 11:53:21 AM,315191,EPA - Morella Creek @ guage,,Silica - Reactive,"Silica - Reactive",9.13,mg/L
2019-004-2568,24/07/2019 08:20:00 AM,25/07/2019 11:53:21 AM,315191,EPA - Morella Creek @ guage,,Volatile Suspended Solids,"Fixed Solids",160,mg/L
2019-004-2568,24/07/2019 08:20:00 AM,25/07/2019 11:53:21 AM,315191,EPA - Morella Creek @ guage,,Volatile Suspended Solids,"Volatile Suspended Solids",96,mg/L
2019-004-2568,24/07/2019 08:20:00 AM,25/07/2019 11:53:21 AM,315191,EPA - Morella Creek @ guage,,Nitrate + Nitrite as N,"Nitrate + Nitrite as N",0.006,mg/L
2019-004-2568,24/07/2019 08:20:00 AM,25/07/2019 11:53:21 AM,315191,EPA - Morella Creek @ guage,,Phosphorus - Filterable Reactive as P,"Phosphorus - Filterable Reactive as P",<0.003,mg/L
2019-004-2568,24/07/2019 08:20:00 AM,25/07/2019 11:53:21 AM,315191,EPA - Morella Creek @ guage,,Ammonia as N,"Ammonia as N",0.029,mg/L
2019-004-2568,24/07/2019 08:20:00 AM,25/07/2019 11:53:21 AM,315191,EPA - Morella Creek @ guage,,Nitrogen - Total,"Nitrogen - Total",1.25,mg/L
2019-004-2568,24/07/2019 08:20:00 AM,25/07/2019 11:53:21 AM,315191,EPA - Morella Creek @ guage,,Alkalinity Carbonate  Bicarbonate and Hydroxide,"Alkalinity as Calcium Carbonate",348,mg/L
2019-004-2568,24/07/2019 08:20:00 AM,25/07/2019 11:53:21 AM,315191,EPA - Morella Creek @ guage,,Alkalinity Carbonate  Bicarbonate and Hydroxide,"Bicarbonate",403,mg/L
2019-004-2568,24/07/2019 08:20:00 AM,25/07/2019 11:53:21 AM,315191,EPA - Morella Creek @ guage,,Alkalinity Carbonate  Bicarbonate and Hydroxide,"Carbonate",11,mg/L
2019-004-2568,24/07/2019 08:20:00 AM,25/07/2019 11:53:21 AM,315191,EPA - Morella Creek @ guage,,Alkalinity Carbonate  Bicarbonate and Hydroxide,"Hydroxide",0,mg/L
2019-004-2568,24/07/2019 08:20:00 AM,25/07/2019 11:53:21 AM,315191,EPA - Morella Creek @ guage,,Turbidity,"Turbidity",21,NTU
2019-004-2568,24/07/2019 08:20:00 AM,25/07/2019 11:53:21 AM,315191,EPA - Morella Creek @ guage,,Conductivity & Total Dissolved Solids,"Conductivity",7870,µS/cm
2019-004-2568,24/07/2019 08:20:00 AM,25/07/2019 11:53:21 AM,315191,EPA - Morella Creek @ guage,,Conductivity & Total Dissolved Solids,"Total Dissolved Solids (by EC)",4530,mg/L
2019-004-2568,24/07/2019 08:20:00 AM,25/07/2019 11:53:21 AM,315191,EPA - Morella Creek @ guage,,pH,"pH",8.5,pH units
2019-004-2568,24/07/2019 08:20:00 AM,25/07/2019 11:53:21 AM,315191,EPA - Morella Creek @ guage,,pH,"Temperature at which pH is measured",21.9,°C
2019-004-2568,24/07/2019 08:20:00 AM,25/07/2019 11:53:21 AM,315191,EPA - Morella Creek @ guage,,Dissolved Organic Carbon,"Dissolved Organic Carbon",10.8,mg/L
2019-004-2568,24/07/2019 08:20:00 AM,25/07/2019 11:53:21 AM,315191,EPA - Morella Creek @ guage,,Total Organic Carbon,"Total Organic Carbon",12.2,mg/L
2019-004-2569,24/07/2019 09:00:00 AM,25/07/2019 11:54:51 AM,300711,Tilley Swamp Drain U/S Morella,,TKN as N,"TKN as Nitrogen",0.35,mg/L
2019-004-2569,24/07/2019 09:00:00 AM,25/07/2019 11:54:51 AM,300711,Tilley Swamp Drain U/S Morella,,Phosphorus - Total,"Phosphorus - Total",0.017,mg/L
2019-004-2569,24/07/2019 09:00:00 AM,25/07/2019 11:54:51 AM,300711,Tilley Swamp Drain U/S Morella,,Chlorophyll a & Phaeophytin a,"Chlorophyll a",1.30,µg/L
2019-004-2569,24/07/2019 09:00:00 AM,25/07/2019 11:54:51 AM,300711,Tilley Swamp Drain U/S Morella,,Chlorophyll a & Phaeophytin a,"Phaeophytin a",0.30,µg/L
2019-004-2569,24/07/2019 09:00:00 AM,25/07/2019 11:54:51 AM,300711,Tilley Swamp Drain U/S Morella,,Chlorophyll a & b,"Chlorophyll a",1.50,µg/L
2019-004-2569,24/07/2019 09:00:00 AM,25/07/2019 11:54:51 AM,300711,Tilley Swamp Drain U/S Morella,,Chlorophyll a & b,"Chlorophyll b",<0.1,µg/L
2019-004-2569,24/07/2019 09:00:00 AM,25/07/2019 11:54:51 AM,300711,Tilley Swamp Drain U/S Morella,,Chlorophyll a & b,"Chlorophyll comment",Chlorophyll a & b results are the sum of chlorophyll & their degradation by products (Phaeophytins),
2019-004-2569,24/07/2019 09:00:00 AM,25/07/2019 11:54:51 AM,300711,Tilley Swamp Drain U/S Morella,,Chloride,"Chloride",2620,mg/L
2019-004-2569,24/07/2019 09:00:00 AM,25/07/2019 11:54:51 AM,300711,Tilley Swamp Drain U/S Morella,,Suspended Solids,"Suspended Solids",5,mg/L
2019-004-2569,24/07/2019 09:00:00 AM,25/07/2019 11:54:51 AM,300711,Tilley Swamp Drain U/S Morella,,Silica - Reactive,"Silica - Reactive",11.2,mg/L
2019-004-2569,24/07/2019 09:00:00 AM,25/07/2019 11:54:51 AM,300711,Tilley Swamp Drain U/S Morella,,Volatile Suspended Solids,"Fixed Solids",3,mg/L
2019-004-2569,24/07/2019 09:00:00 AM,25/07/2019 11:54:51 AM,300711,Tilley Swamp Drain U/S Morella,,Volatile Suspended Solids,"Volatile Suspended Solids",2,mg/L
2019-004-2569,24/07/2019 09:00:00 AM,25/07/2019 11:54:51 AM,300711,Tilley Swamp Drain U/S Morella,,Nitrate + Nitrite as N,"Nitrate + Nitrite as N",1.53,mg/L
2019-004-2569,24/07/2019 09:00:00 AM,25/07/2019 11:54:51 AM,300711,Tilley Swamp Drain U/S Morella,,Phosphorus - Filterable Reactive as P,"Phosphorus - Filterable Reactive as P",0.012,mg/L
2019-004-2569,24/07/2019 09:00:00 AM,25/07/2019 11:54:51 AM,300711,Tilley Swamp Drain U/S Morella,,Ammonia as N,"Ammonia as N",0.111,mg/L
2019-004-2569,24/07/2019 09:00:00 AM,25/07/2019 11:54:51 AM,300711,Tilley Swamp Drain U/S Morella,,Nitrogen - Total,"Nitrogen - Total",1.88,mg/L
2019-004-2569,24/07/2019 09:00:00 AM,25/07/2019 11:54:51 AM,300711,Tilley Swamp Drain U/S Morella,,Alkalinity Carbonate  Bicarbonate and Hydroxide,"Alkalinity as Calcium Carbonate",407,mg/L
2019-004-2569,24/07/2019 09:00:00 AM,25/07/2019 11:54:51 AM,300711,Tilley Swamp Drain U/S Morella,,Alkalinity Carbonate  Bicarbonate and Hydroxide,"Bicarbonate",476,mg/L
2019-004-2569,24/07/2019 09:00:00 AM,25/07/2019 11:54:51 AM,300711,Tilley Swamp Drain U/S Morella,,Alkalinity Carbonate  Bicarbonate and Hydroxide,"Carbonate",10,mg/L
2019-004-2569,24/07/2019 09:00:00 AM,25/07/2019 11:54:51 AM,300711,Tilley Swamp Drain U/S Morella,,Alkalinity Carbonate  Bicarbonate and Hydroxide,"Hydroxide",0,mg/L
2019-004-2569,24/07/2019 09:00:00 AM,25/07/2019 11:54:51 AM,300711,Tilley Swamp Drain U/S Morella,,Turbidity,"Turbidity",1.8,NTU
2019-004-2569,24/07/2019 09:00:00 AM,25/07/2019 11:54:51 AM,300711,Tilley Swamp Drain U/S Morella,,Conductivity & Total Dissolved Solids,"Conductivity",9030,µS/cm
2019-004-2569,24/07/2019 09:00:00 AM,25/07/2019 11:54:51 AM,300711,Tilley Swamp Drain U/S Morella,,Conductivity & Total Dissolved Solids,"Total Dissolved Solids (by EC)",5230,mg/L
2019-004-2569,24/07/2019 09:00:00 AM,25/07/2019 11:54:51 AM,300711,Tilley Swamp Drain U/S Morella,,pH,"pH",8.4,pH units
2019-004-2569,24/07/2019 09:00:00 AM,25/07/2019 11:54:51 AM,300711,Tilley Swamp Drain U/S Morella,,pH,"Temperature at which pH is measured",22.0,°C
2019-004-2569,24/07/2019 09:00:00 AM,25/07/2019 11:54:51 AM,300711,Tilley Swamp Drain U/S Morella,,Dissolved Organic Carbon,"Dissolved Organic Carbon",3.7,mg/L
2019-004-2569,24/07/2019 09:00:00 AM,25/07/2019 11:54:51 AM,300711,Tilley Swamp Drain U/S Morella,,Total Organic Carbon,"Total Organic Carbon",4.0,mg/L
2019-004-2570,24/07/2019 09:45:00 AM,25/07/2019 11:53:03 AM,300713,Tilley Swamp Drain D/S Northern Outlet,,TKN as N,"TKN as Nitrogen",0.43,mg/L
2019-004-2570,24/07/2019 09:45:00 AM,25/07/2019 11:53:03 AM,300713,Tilley Swamp Drain D/S Northern Outlet,,Phosphorus - Total,"Phosphorus - Total",0.010,mg/L
2019-004-2570,24/07/2019 09:45:00 AM,25/07/2019 11:53:03 AM,300713,Tilley Swamp Drain D/S Northern Outlet,,Chlorophyll a & Phaeophytin a,"Chlorophyll a",1.29,µg/L
2019-004-2570,24/07/2019 09:45:00 AM,25/07/2019 11:53:03 AM,300713,Tilley Swamp Drain D/S Northern Outlet,,Chlorophyll a & Phaeophytin a,"Phaeophytin a",0.75,µg/L
2019-004-2570,24/07/2019 09:45:00 AM,25/07/2019 11:53:03 AM,300713,Tilley Swamp Drain D/S Northern Outlet,,Chlorophyll a & b,"Chlorophyll a",1.76,µg/L
2019-004-2570,24/07/2019 09:45:00 AM,25/07/2019 11:53:03 AM,300713,Tilley Swamp Drain D/S Northern Outlet,,Chlorophyll a & b,"Chlorophyll b",<0.1,µg/L
2019-004-2570,24/07/2019 09:45:00 AM,25/07/2019 11:53:03 AM,300713,Tilley Swamp Drain D/S Northern Outlet,,Chlorophyll a & b,"Chlorophyll comment",Chlorophyll a & b results are the sum of chlorophyll & their degradation by products (Phaeophytins),
2019-004-2570,24/07/2019 09:45:00 AM,25/07/2019 11:53:03 AM,300713,Tilley Swamp Drain D/S Northern Outlet,,Chloride,"Chloride",2820,mg/L
2019-004-2570,24/07/2019 09:45:00 AM,25/07/2019 11:53:03 AM,300713,Tilley Swamp Drain D/S Northern Outlet,,Suspended Solids,"Suspended Solids",9,mg/L
2019-004-2570,24/07/2019 09:45:00 AM,25/07/2019 11:53:03 AM,300713,Tilley Swamp Drain D/S Northern Outlet,,Silica - Reactive,"Silica - Reactive",11.4,mg/L
2019-004-2570,24/07/2019 09:45:00 AM,25/07/2019 11:53:03 AM,300713,Tilley Swamp Drain D/S Northern Outlet,,Volatile Suspended Solids,"Fixed Solids",5,mg/L
2019-004-2570,24/07/2019 09:45:00 AM,25/07/2019 11:53:03 AM,300713,Tilley Swamp Drain D/S Northern Outlet,,Volatile Suspended Solids,"Volatile Suspended Solids",4,mg/L
2019-004-2570,24/07/2019 09:45:00 AM,25/07/2019 11:53:03 AM,300713,Tilley Swamp Drain D/S Northern Outlet,,Nitrate + Nitrite as N,"Nitrate + Nitrite as N",1.48,mg/L
2019-004-2570,24/07/2019 09:45:00 AM,25/07/2019 11:53:03 AM,300713,Tilley Swamp Drain D/S Northern Outlet,,Phosphorus - Filterable Reactive as P,"Phosphorus - Filterable Reactive as P",0.008,mg/L
2019-004-2570,24/07/2019 09:45:00 AM,25/07/2019 11:53:03 AM,300713,Tilley Swamp Drain D/S Northern Outlet,,Ammonia as N,"Ammonia as N",0.014,mg/L
2019-004-2570,24/07/2019 09:45:00 AM,25/07/2019 11:53:03 AM,300713,Tilley Swamp Drain D/S Northern Outlet,,Nitrogen - Total,"Nitrogen - Total",1.91,mg/L
2019-004-2570,24/07/2019 09:45:00 AM,25/07/2019 11:53:03 AM,300713,Tilley Swamp Drain D/S Northern Outlet,,Alkalinity Carbonate  Bicarbonate and Hydroxide,"Alkalinity as Calcium Carbonate",408,mg/L
2019-004-2570,24/07/2019 09:45:00 AM,25/07/2019 11:53:03 AM,300713,Tilley Swamp Drain D/S Northern Outlet,,Alkalinity Carbonate  Bicarbonate and Hydroxide,"Bicarbonate",475,mg/L
2019-004-2570,24/07/2019 09:45:00 AM,25/07/2019 11:53:03 AM,300713,Tilley Swamp Drain D/S Northern Outlet,,Alkalinity Carbonate  Bicarbonate and Hydroxide,"Carbonate",11,mg/L
2019-004-2570,24/07/2019 09:45:00 AM,25/07/2019 11:53:03 AM,300713,Tilley Swamp Drain D/S Northern Outlet,,Alkalinity Carbonate  Bicarbonate and Hydroxide,"Hydroxide",0,mg/L
2019-004-2570,24/07/2019 09:45:00 AM,25/07/2019 11:53:03 AM,300713,Tilley Swamp Drain D/S Northern Outlet,,Turbidity,"Turbidity",7.6,NTU
2019-004-2570,24/07/2019 09:45:00 AM,25/07/2019 11:53:03 AM,300713,Tilley Swamp Drain D/S Northern Outlet,,Conductivity & Total Dissolved Solids,"Conductivity",9530,µS/cm
2019-004-2570,24/07/2019 09:45:00 AM,25/07/2019 11:53:03 AM,300713,Tilley Swamp Drain D/S Northern Outlet,,Conductivity & Total Dissolved Solids,"Total Dissolved Solids (by EC)",5530,mg/L
2019-004-2570,24/07/2019 09:45:00 AM,25/07/2019 11:53:03 AM,300713,Tilley Swamp Drain D/S Northern Outlet,,pH,"pH",8.4,pH units
2019-004-2570,24/07/2019 09:45:00 AM,25/07/2019 11:53:03 AM,300713,Tilley Swamp Drain D/S Northern Outlet,,pH,"Temperature at which pH is measured",22.0,°C
2019-004-2570,24/07/2019 09:45:00 AM,25/07/2019 11:53:03 AM,300713,Tilley Swamp Drain D/S Northern Outlet,,Dissolved Organic Carbon,"Dissolved Organic Carbon",4.6,mg/L
2019-004-2570,24/07/2019 09:45:00 AM,25/07/2019 11:53:03 AM,300713,Tilley Swamp Drain D/S Northern Outlet,,Total Organic Carbon,"Total Organic Carbon",4.8,mg/L
2019-004-2571,10/07/2019 08:20:00 AM,11/07/2019 01:35:03 PM,315191,EPA - Morella Creek @ guage,,TKN as N,"TKN as Nitrogen",1.31,mg/L
2019-004-2571,10/07/2019 08:20:00 AM,11/07/2019 01:35:03 PM,315191,EPA - Morella Creek @ guage,,Phosphorus - Total,"Phosphorus - Total",0.043,mg/L
2019-004-2571,10/07/2019 08:20:00 AM,11/07/2019 01:35:03 PM,315191,EPA - Morella Creek @ guage,,Chlorophyll a & Phaeophytin a,"Chlorophyll a",8.00,µg/L
2019-004-2571,10/07/2019 08:20:00 AM,11/07/2019 01:35:03 PM,315191,EPA - Morella Creek @ guage,,Chlorophyll a & Phaeophytin a,"Phaeophytin a",6.59,µg/L
2019-004-2571,10/07/2019 08:20:00 AM,11/07/2019 01:35:03 PM,315191,EPA - Morella Creek @ guage,,Chlorophyll a & b,"Chlorophyll a",11.8,µg/L
2019-004-2571,10/07/2019 08:20:00 AM,11/07/2019 01:35:03 PM,315191,EPA - Morella Creek @ guage,,Chlorophyll a & b,"Chlorophyll b",0.22,µg/L
2019-004-2571,10/07/2019 08:20:00 AM,11/07/2019 01:35:03 PM,315191,EPA - Morella Creek @ guage,,Chlorophyll a & b,"Chlorophyll comment",Chlorophyll a & b results are the sum of chlorophyll & their degradation by products (Phaeophytins),
2019-004-2571,10/07/2019 08:20:00 AM,11/07/2019 01:35:03 PM,315191,EPA - Morella Creek @ guage,,Chloride,"Chloride",2510,mg/L
2019-004-2571,10/07/2019 08:20:00 AM,11/07/2019 01:35:03 PM,315191,EPA - Morella Creek @ guage,,Suspended Solids,"Suspended Solids",20,mg/L
2019-004-2571,10/07/2019 08:20:00 AM,11/07/2019 01:35:03 PM,315191,EPA - Morella Creek @ guage,,Silica - Reactive,"Silica - Reactive",7.28,mg/L
2019-004-2571,10/07/2019 08:20:00 AM,11/07/2019 01:35:03 PM,315191,EPA - Morella Creek @ guage,,Volatile Suspended Solids,"Fixed Solids",13,mg/L
2019-004-2571,10/07/2019 08:20:00 AM,11/07/2019 01:35:03 PM,315191,EPA - Morella Creek @ guage,,Volatile Suspended Solids,"Volatile Suspended Solids",7,mg/L
2019-004-2571,10/07/2019 08:20:00 AM,11/07/2019 01:35:03 PM,315191,EPA - Morella Creek @ guage,,Nitrate + Nitrite as N,"Nitrate + Nitrite as N",0.017,mg/L
2019-004-2571,10/07/2019 08:20:00 AM,11/07/2019 01:35:03 PM,315191,EPA - Morella Creek @ guage,,Phosphorus - Filterable Reactive as P,"Phosphorus - Filterable Reactive as P",0.012,mg/L
2019-004-2571,10/07/2019 08:20:00 AM,11/07/2019 01:35:03 PM,315191,EPA - Morella Creek @ guage,,Ammonia as N,"Ammonia as N",0.402,mg/L
2019-004-2571,10/07/2019 08:20:00 AM,11/07/2019 01:35:03 PM,315191,EPA - Morella Creek @ guage,,Nitrogen - Total,"Nitrogen - Total",1.33,mg/L
2019-004-2571,10/07/2019 08:20:00 AM,11/07/2019 01:35:03 PM,315191,EPA - Morella Creek @ guage,,Alkalinity Carbonate  Bicarbonate and Hydroxide,"Alkalinity as Calcium Carbonate",353,mg/L
2019-004-2571,10/07/2019 08:20:00 AM,11/07/2019 01:35:03 PM,315191,EPA - Morella Creek @ guage,,Alkalinity Carbonate  Bicarbonate and Hydroxide,"Bicarbonate",410,mg/L
2019-004-2571,10/07/2019 08:20:00 AM,11/07/2019 01:35:03 PM,315191,EPA - Morella Creek @ guage,,Alkalinity Carbonate  Bicarbonate and Hydroxide,"Carbonate",10,mg/L
2019-004-2571,10/07/2019 08:20:00 AM,11/07/2019 01:35:03 PM,315191,EPA - Morella Creek @ guage,,Alkalinity Carbonate  Bicarbonate and Hydroxide,"Hydroxide",0,mg/L
2019-004-2571,10/07/2019 08:20:00 AM,11/07/2019 01:35:03 PM,315191,EPA - Morella Creek @ guage,,Turbidity,"Turbidity",16,NTU
2019-004-2571,10/07/2019 08:20:00 AM,11/07/2019 01:35:03 PM,315191,EPA - Morella Creek @ guage,,Conductivity & Total Dissolved Solids,"Conductivity",8820,µS/cm
2019-004-2571,10/07/2019 08:20:00 AM,11/07/2019 01:35:03 PM,315191,EPA - Morella Creek @ guage,,Conductivity & Total Dissolved Solids,"Total Dissolved Solids (by EC)",5100,mg/L
2019-004-2571,10/07/2019 08:20:00 AM,11/07/2019 01:35:03 PM,315191,EPA - Morella Creek @ guage,,pH,"pH",8.4,pH units
2019-004-2571,10/07/2019 08:20:00 AM,11/07/2019 01:35:03 PM,315191,EPA - Morella Creek @ guage,,pH,"Temperature at which pH is measured",21.9,°C
2019-004-2571,10/07/2019 08:20:00 AM,11/07/2019 01:35:03 PM,315191,EPA - Morella Creek @ guage,,Dissolved Organic Carbon,"Dissolved Organic Carbon",11.1,mg/L
2019-004-2571,10/07/2019 08:20:00 AM,11/07/2019 01:35:03 PM,315191,EPA - Morella Creek @ guage,,Total Organic Carbon,"Total Organic Carbon",11.7,mg/L
2019-004-2573,10/07/2019 11:30:00 AM,11/07/2019 01:35:41 PM,31525,EPA - Villa de Yumpa,,TKN as N,"TKN as Nitrogen",6.32,mg/L
2019-004-2573,10/07/2019 11:30:00 AM,11/07/2019 01:35:41 PM,31525,EPA - Villa de Yumpa,,Phosphorus - Total,"Phosphorus - Total",0.204,mg/L
2019-004-2573,10/07/2019 11:30:00 AM,11/07/2019 01:35:41 PM,31525,EPA - Villa de Yumpa,,Chlorophyll a & Phaeophytin a,"Chlorophyll a",46.7,µg/L
2019-004-2573,10/07/2019 11:30:00 AM,11/07/2019 01:35:41 PM,31525,EPA - Villa de Yumpa,,Chlorophyll a & Phaeophytin a,"Phaeophytin a",15.3,µg/L
2019-004-2573,10/07/2019 11:30:00 AM,11/07/2019 01:35:41 PM,31525,EPA - Villa de Yumpa,,Chlorophyll a & b,"Chlorophyll a",54.6,µg/L
2019-004-2573,10/07/2019 11:30:00 AM,11/07/2019 01:35:41 PM,31525,EPA - Villa de Yumpa,,Chlorophyll a & b,"Chlorophyll b",5.20,µg/L
2019-004-2573,10/07/2019 11:30:00 AM,11/07/2019 01:35:41 PM,31525,EPA - Villa de Yumpa,,Chlorophyll a & b,"Chlorophyll comment",Chlorophyll a & b results are the sum of chlorophyll & their degradation by products (Phaeophytins),
2019-004-2573,10/07/2019 11:30:00 AM,11/07/2019 01:35:41 PM,31525,EPA - Villa de Yumpa,,Chloride,"Chloride",33100,mg/L
2019-004-2573,10/07/2019 11:30:00 AM,11/07/2019 01:35:41 PM,31525,EPA - Villa de Yumpa,,Suspended Solids,"Suspended Solids",52,mg/L
2019-004-2573,10/07/2019 11:30:00 AM,11/07/2019 01:35:41 PM,31525,EPA - Villa de Yumpa,,Silica - Reactive,"Silica - Reactive",1.32,mg/L
2019-004-2573,10/07/2019 11:30:00 AM,11/07/2019 01:35:41 PM,31525,EPA - Villa de Yumpa,,Volatile Suspended Solids,"Fixed Solids",16,mg/L
2019-004-2573,10/07/2019 11:30:00 AM,11/07/2019 01:35:41 PM,31525,EPA - Villa de Yumpa,,Volatile Suspended Solids,"Volatile Suspended Solids",36,mg/L
2019-004-2573,10/07/2019 11:30:00 AM,11/07/2019 01:35:41 PM,31525,EPA - Villa de Yumpa,,Nitrate + Nitrite as N,"Nitrate + Nitrite as N",<0.003,mg/L
2019-004-2573,10/07/2019 11:30:00 AM,11/07/2019 01:35:41 PM,31525,EPA - Villa de Yumpa,,Phosphorus - Filterable Reactive as P,"Phosphorus - Filterable Reactive as P",0.004,mg/L
2019-004-2573,10/07/2019 11:30:00 AM,11/07/2019 01:35:41 PM,31525,EPA - Villa de Yumpa,,Ammonia as N,"Ammonia as N",<0.005,mg/L
2019-004-2573,10/07/2019 11:30:00 AM,11/07/2019 01:35:41 PM,31525,EPA - Villa de Yumpa,,Nitrogen - Total,"Nitrogen - Total",6.32,mg/L
2019-004-2573,10/07/2019 11:30:00 AM,11/07/2019 01:35:41 PM,31525,EPA - Villa de Yumpa,,Alkalinity Carbonate  Bicarbonate and Hydroxide,"Alkalinity as Calcium Carbonate",207,mg/L
2019-004-2573,10/07/2019 11:30:00 AM,11/07/2019 01:35:41 PM,31525,EPA - Villa de Yumpa,,Alkalinity Carbonate  Bicarbonate and Hydroxide,"Bicarbonate",253,mg/L
2019-004-2573,10/07/2019 11:30:00 AM,11/07/2019 01:35:41 PM,31525,EPA - Villa de Yumpa,,Alkalinity Carbonate  Bicarbonate and Hydroxide,"Carbonate",0,mg/L
2019-004-2573,10/07/2019 11:30:00 AM,11/07/2019 01:35:41 PM,31525,EPA - Villa de Yumpa,,Alkalinity Carbonate  Bicarbonate and Hydroxide,"Hydroxide",0,mg/L
2019-004-2573,10/07/2019 11:30:00 AM,11/07/2019 01:35:41 PM,31525,EPA - Villa de Yumpa,,Turbidity,"Turbidity",20,NTU
2019-004-2573,10/07/2019 11:30:00 AM,11/07/2019 01:35:41 PM,31525,EPA - Villa de Yumpa,,Conductivity & Total Dissolved Solids,"Conductivity",93400,µS/cm
2019-004-2573,10/07/2019 11:30:00 AM,11/07/2019 01:35:41 PM,31525,EPA - Villa de Yumpa,,Conductivity & Total Dissolved Solids,"Total Dissolved Solids (by EC)",77700,mg/L
2019-004-2573,10/07/2019 11:30:00 AM,11/07/2019 01:35:41 PM,31525,EPA - Villa de Yumpa,,pH,"pH",8.1,pH units
2019-004-2573,10/07/2019 11:30:00 AM,11/07/2019 01:35:41 PM,31525,EPA - Villa de Yumpa,,pH,"Temperature at which pH is measured",22.2,°C
2019-004-2573,10/07/2019 11:30:00 AM,11/07/2019 01:35:41 PM,31525,EPA - Villa de Yumpa,,Dissolved Organic Carbon,"Dissolved Organic Carbon",17.2,mg/L
2019-004-2573,10/07/2019 11:30:00 AM,11/07/2019 01:35:41 PM,31525,EPA - Villa de Yumpa,,Total Organic Carbon,"Total Organic Carbon",23.0,mg/L
