Report ID: 279740,,,,,,,,,
Project ID: AWQC-146319,,,,,,,,,
Disclaimer: The data contained in this spreadsheet has been prepared by SA Water at your request and is subject to the terms and conditions of contract between SA Water and your company.  SA Water accepts no liability for and gives no undertakings or warranties concerning the accuracy completeness or fitness for purpose of this data for use by your company or any third party,,,,,,,,,
Sample ID,Sampled Date,Received Date,Sampling Point,S Point Description,Sample Description,Test Name,Result Name,Result Value,Units
2020-002-3816,16/03/2020 04:59:00 AM,17/03/2020 11:59:40 AM,31525,EPA - Villa de Yumpa,,Chlorophyll a & Phaeophytin a,"Chlorophyll a",46.9,µg/L
2020-002-3816,16/03/2020 04:59:00 AM,17/03/2020 11:59:40 AM,31525,EPA - Villa de Yumpa,,Chlorophyll a & Phaeophytin a,"Phaeophytin a",<0.1,µg/L
2020-002-3816,16/03/2020 04:59:00 AM,17/03/2020 11:59:40 AM,31525,EPA - Villa de Yumpa,,Chloride,"Chloride",71500,mg/L
2020-002-3816,16/03/2020 04:59:00 AM,17/03/2020 11:59:40 AM,31525,EPA - Villa de Yumpa,,pH,"pH",7.8,pH units
2020-002-3816,16/03/2020 04:59:00 AM,17/03/2020 11:59:40 AM,31525,EPA - Villa de Yumpa,,pH,"Temperature at which pH is measured",22.6,°C
2020-002-3816,16/03/2020 04:59:00 AM,17/03/2020 11:59:40 AM,31525,EPA - Villa de Yumpa,,Silica - Reactive,"Silica - Reactive",2.04,mg/L
2020-002-3816,16/03/2020 04:59:00 AM,17/03/2020 11:59:40 AM,31525,EPA - Villa de Yumpa,,Turbidity,"Turbidity",25,NTU
2020-002-3816,16/03/2020 04:59:00 AM,17/03/2020 11:59:40 AM,31525,EPA - Villa de Yumpa,,Total Organic Carbon,"Total Organic Carbon",37.5,mg/L
2020-002-3816,16/03/2020 04:59:00 AM,17/03/2020 11:59:40 AM,31525,EPA - Villa de Yumpa,,Dissolved Organic Carbon,"Dissolved Organic Carbon",28.9,mg/L
2020-002-3816,16/03/2020 04:59:00 AM,17/03/2020 11:59:40 AM,31525,EPA - Villa de Yumpa,,Total Dissolved Solids by Evaporation,"Total Dissolved Solids (by evaporation)",137000,mg/L
2020-002-3816,16/03/2020 04:59:00 AM,17/03/2020 11:59:40 AM,31525,EPA - Villa de Yumpa,,Nitrogen - Total,"Nitrogen - Total",6.69,mg/L
2020-002-3816,16/03/2020 04:59:00 AM,17/03/2020 11:59:40 AM,31525,EPA - Villa de Yumpa,,Alkalinity Carbonate  Bicarbonate and Hydroxide,"Alkalinity as Calcium Carbonate",218,mg/L
2020-002-3816,16/03/2020 04:59:00 AM,17/03/2020 11:59:40 AM,31525,EPA - Villa de Yumpa,,Alkalinity Carbonate  Bicarbonate and Hydroxide,"Bicarbonate",265,mg/L
2020-002-3816,16/03/2020 04:59:00 AM,17/03/2020 11:59:40 AM,31525,EPA - Villa de Yumpa,,Alkalinity Carbonate  Bicarbonate and Hydroxide,"Carbonate",0,mg/L
2020-002-3816,16/03/2020 04:59:00 AM,17/03/2020 11:59:40 AM,31525,EPA - Villa de Yumpa,,Alkalinity Carbonate  Bicarbonate and Hydroxide,"Hydroxide",0,mg/L
2020-002-3816,16/03/2020 04:59:00 AM,17/03/2020 11:59:40 AM,31525,EPA - Villa de Yumpa,,Volatile Suspended Solids,"Fixed Solids",10,mg/L
2020-002-3816,16/03/2020 04:59:00 AM,17/03/2020 11:59:40 AM,31525,EPA - Villa de Yumpa,,Volatile Suspended Solids,"Volatile Suspended Solids",15,mg/L
2020-002-3816,16/03/2020 04:59:00 AM,17/03/2020 11:59:40 AM,31525,EPA - Villa de Yumpa,,TKN as N,"TKN as Nitrogen",6.69,mg/L
2020-002-3816,16/03/2020 04:59:00 AM,17/03/2020 11:59:40 AM,31525,EPA - Villa de Yumpa,,Phosphorus - Filterable Reactive as P,"Phosphorus -Filterable Reactive as PO4",7.774,µg/L
2020-002-3816,16/03/2020 04:59:00 AM,17/03/2020 11:59:40 AM,31525,EPA - Villa de Yumpa,,Phosphorus - Filterable Reactive as P,"Phosphorus-Filterable Reactive as P",2.6,µg/L
2020-002-3816,16/03/2020 04:59:00 AM,17/03/2020 11:59:40 AM,31525,EPA - Villa de Yumpa,,Phosphorus - Total,"Phosphorus - Total",0.198,mg/L
2020-002-3816,16/03/2020 04:59:00 AM,17/03/2020 11:59:40 AM,31525,EPA - Villa de Yumpa,,Nitrite as N,"Nitrite as N",1.5,µg/L
2020-002-3816,16/03/2020 04:59:00 AM,17/03/2020 11:59:40 AM,31525,EPA - Villa de Yumpa,,Nitrate + Nitrite as N,"Nitrate + Nitrite as N",3.1,µg/L
2020-002-3816,16/03/2020 04:59:00 AM,17/03/2020 11:59:40 AM,31525,EPA - Villa de Yumpa,,Nitrate + Nitrite as N,"Nitrate + Nitrite as NO3",13.7,µg/L
2020-002-3816,16/03/2020 04:59:00 AM,17/03/2020 11:59:40 AM,31525,EPA - Villa de Yumpa,,Nitrate + Nitrite as N,"Nitrate as Nitrogen",1.59,µg/L
2020-002-3816,16/03/2020 04:59:00 AM,17/03/2020 11:59:40 AM,31525,EPA - Villa de Yumpa,,Suspended Solids,"Suspended Solids",25,mg/L
2020-002-3816,16/03/2020 04:59:00 AM,17/03/2020 11:59:40 AM,31525,EPA - Villa de Yumpa,,Ammonia as N,"Ammonia as N",90,µg/L
2020-002-3817,16/03/2020 04:59:00 AM,17/03/2020 11:58:48 AM,353180,EPA -  Tauwitchere,,Chlorophyll a & Phaeophytin a,"Chlorophyll a",31.4,µg/L
2020-002-3817,16/03/2020 04:59:00 AM,17/03/2020 11:58:48 AM,353180,EPA -  Tauwitchere,,Chlorophyll a & Phaeophytin a,"Phaeophytin a",12.9,µg/L
2020-002-3817,16/03/2020 04:59:00 AM,17/03/2020 11:58:48 AM,353180,EPA -  Tauwitchere,,Chloride,"Chloride",6230,mg/L
2020-002-3817,16/03/2020 04:59:00 AM,17/03/2020 11:58:48 AM,353180,EPA -  Tauwitchere,,pH,"pH",7.6,pH units
2020-002-3817,16/03/2020 04:59:00 AM,17/03/2020 11:58:48 AM,353180,EPA -  Tauwitchere,,pH,"Temperature at which pH is measured",22.6,°C
2020-002-3817,16/03/2020 04:59:00 AM,17/03/2020 11:58:48 AM,353180,EPA -  Tauwitchere,,Silica - Reactive,"Silica - Reactive",0.27,mg/L
2020-002-3817,16/03/2020 04:59:00 AM,17/03/2020 11:58:48 AM,353180,EPA -  Tauwitchere,,Turbidity,"Turbidity",34,NTU
2020-002-3817,16/03/2020 04:59:00 AM,17/03/2020 11:58:48 AM,353180,EPA -  Tauwitchere,,Total Organic Carbon,"Total Organic Carbon",17.1,mg/L
2020-002-3817,16/03/2020 04:59:00 AM,17/03/2020 11:58:48 AM,353180,EPA -  Tauwitchere,,Dissolved Organic Carbon,"Dissolved Organic Carbon",7.9,mg/L
2020-002-3817,16/03/2020 04:59:00 AM,17/03/2020 11:58:48 AM,353180,EPA -  Tauwitchere,,Total Dissolved Solids by Evaporation,"Total Dissolved Solids (by evaporation)",10600,mg/L
2020-002-3817,16/03/2020 04:59:00 AM,17/03/2020 11:58:48 AM,353180,EPA -  Tauwitchere,,Nitrogen - Total,"Nitrogen - Total",2.23,mg/L
2020-002-3817,16/03/2020 04:59:00 AM,17/03/2020 11:58:48 AM,353180,EPA -  Tauwitchere,,Alkalinity Carbonate  Bicarbonate and Hydroxide,"Alkalinity as Calcium Carbonate",120,mg/L
2020-002-3817,16/03/2020 04:59:00 AM,17/03/2020 11:58:48 AM,353180,EPA -  Tauwitchere,,Alkalinity Carbonate  Bicarbonate and Hydroxide,"Bicarbonate",146,mg/L
2020-002-3817,16/03/2020 04:59:00 AM,17/03/2020 11:58:48 AM,353180,EPA -  Tauwitchere,,Alkalinity Carbonate  Bicarbonate and Hydroxide,"Carbonate",0,mg/L
2020-002-3817,16/03/2020 04:59:00 AM,17/03/2020 11:58:48 AM,353180,EPA -  Tauwitchere,,Alkalinity Carbonate  Bicarbonate and Hydroxide,"Hydroxide",0,mg/L
2020-002-3817,16/03/2020 04:59:00 AM,17/03/2020 11:58:48 AM,353180,EPA -  Tauwitchere,,Volatile Suspended Solids,"Fixed Solids",20,mg/L
2020-002-3817,16/03/2020 04:59:00 AM,17/03/2020 11:58:48 AM,353180,EPA -  Tauwitchere,,Volatile Suspended Solids,"Volatile Suspended Solids",23,mg/L
2020-002-3817,16/03/2020 04:59:00 AM,17/03/2020 11:58:48 AM,353180,EPA -  Tauwitchere,,TKN as N,"TKN as Nitrogen",2.21,mg/L
2020-002-3817,16/03/2020 04:59:00 AM,17/03/2020 11:58:48 AM,353180,EPA -  Tauwitchere,,Phosphorus - Filterable Reactive as P,"Phosphorus -Filterable Reactive as PO4",23.322,µg/L
2020-002-3817,16/03/2020 04:59:00 AM,17/03/2020 11:58:48 AM,353180,EPA -  Tauwitchere,,Phosphorus - Filterable Reactive as P,"Phosphorus-Filterable Reactive as P",7.8,µg/L
2020-002-3817,16/03/2020 04:59:00 AM,17/03/2020 11:58:48 AM,353180,EPA -  Tauwitchere,,Phosphorus - Total,"Phosphorus - Total",0.086,mg/L
2020-002-3817,16/03/2020 04:59:00 AM,17/03/2020 11:58:48 AM,353180,EPA -  Tauwitchere,,Nitrite as N,"Nitrite as N",3.7,µg/L
2020-002-3817,16/03/2020 04:59:00 AM,17/03/2020 11:58:48 AM,353180,EPA -  Tauwitchere,,Nitrate + Nitrite as N,"Nitrate + Nitrite as N",24.4,µg/L
2020-002-3817,16/03/2020 04:59:00 AM,17/03/2020 11:58:48 AM,353180,EPA -  Tauwitchere,,Nitrate + Nitrite as N,"Nitrate + Nitrite as NO3",108,µg/L
2020-002-3817,16/03/2020 04:59:00 AM,17/03/2020 11:58:48 AM,353180,EPA -  Tauwitchere,,Nitrate + Nitrite as N,"Nitrate as Nitrogen",20.7,µg/L
2020-002-3817,16/03/2020 04:59:00 AM,17/03/2020 11:58:48 AM,353180,EPA -  Tauwitchere,,Suspended Solids,"Suspended Solids",43,mg/L
2020-002-3817,16/03/2020 04:59:00 AM,17/03/2020 11:58:48 AM,353180,EPA -  Tauwitchere,,Ammonia as N,"Ammonia as N",0.162,mg/L
2020-002-3818,16/03/2020 04:59:00 AM,17/03/2020 11:58:43 AM,31523,EPA - Long Point,,Chlorophyll a & Phaeophytin a,"Chlorophyll a",5.24,µg/L
2020-002-3818,16/03/2020 04:59:00 AM,17/03/2020 11:58:43 AM,31523,EPA - Long Point,,Chlorophyll a & Phaeophytin a,"Phaeophytin a",1.70,µg/L
2020-002-3818,16/03/2020 04:59:00 AM,17/03/2020 11:58:43 AM,31523,EPA - Long Point,,Chloride,"Chloride",29800,mg/L
2020-002-3818,16/03/2020 04:59:00 AM,17/03/2020 11:58:43 AM,31523,EPA - Long Point,,pH,"pH",8.1,pH units
2020-002-3818,16/03/2020 04:59:00 AM,17/03/2020 11:58:43 AM,31523,EPA - Long Point,,pH,"Temperature at which pH is measured",23.4,°C
2020-002-3818,16/03/2020 04:59:00 AM,17/03/2020 11:58:43 AM,31523,EPA - Long Point,,Silica - Reactive,"Silica - Reactive",0.77,mg/L
2020-002-3818,16/03/2020 04:59:00 AM,17/03/2020 11:58:43 AM,31523,EPA - Long Point,,Turbidity,"Turbidity",5.6,NTU
2020-002-3818,16/03/2020 04:59:00 AM,17/03/2020 11:58:43 AM,31523,EPA - Long Point,,Total Organic Carbon,"Total Organic Carbon",13.7,mg/L
2020-002-3818,16/03/2020 04:59:00 AM,17/03/2020 11:58:43 AM,31523,EPA - Long Point,,Dissolved Organic Carbon,"Dissolved Organic Carbon",13.0,mg/L
2020-002-3818,16/03/2020 04:59:00 AM,17/03/2020 11:58:43 AM,31523,EPA - Long Point,,Total Dissolved Solids by Evaporation,"Total Dissolved Solids (by evaporation)",52300,mg/L
2020-002-3818,16/03/2020 04:59:00 AM,17/03/2020 11:58:43 AM,31523,EPA - Long Point,,Nitrogen - Total,"Nitrogen - Total",2.76,mg/L
2020-002-3818,16/03/2020 04:59:00 AM,17/03/2020 11:58:43 AM,31523,EPA - Long Point,,Alkalinity Carbonate  Bicarbonate and Hydroxide,"Alkalinity as Calcium Carbonate",170,mg/L
2020-002-3818,16/03/2020 04:59:00 AM,17/03/2020 11:58:43 AM,31523,EPA - Long Point,,Alkalinity Carbonate  Bicarbonate and Hydroxide,"Bicarbonate",208,mg/L
2020-002-3818,16/03/2020 04:59:00 AM,17/03/2020 11:58:43 AM,31523,EPA - Long Point,,Alkalinity Carbonate  Bicarbonate and Hydroxide,"Carbonate",0,mg/L
2020-002-3818,16/03/2020 04:59:00 AM,17/03/2020 11:58:43 AM,31523,EPA - Long Point,,Alkalinity Carbonate  Bicarbonate and Hydroxide,"Hydroxide",0,mg/L
2020-002-3818,16/03/2020 04:59:00 AM,17/03/2020 11:58:43 AM,31523,EPA - Long Point,,Volatile Suspended Solids,"Fixed Solids",5,mg/L
2020-002-3818,16/03/2020 04:59:00 AM,17/03/2020 11:58:43 AM,31523,EPA - Long Point,,Volatile Suspended Solids,"Volatile Suspended Solids",3,mg/L
2020-002-3818,16/03/2020 04:59:00 AM,17/03/2020 11:58:43 AM,31523,EPA - Long Point,,TKN as N,"TKN as Nitrogen",2.75,mg/L
2020-002-3818,16/03/2020 04:59:00 AM,17/03/2020 11:58:43 AM,31523,EPA - Long Point,,Phosphorus - Filterable Reactive as P,"Phosphorus -Filterable Reactive as PO4",12.857,µg/L
2020-002-3818,16/03/2020 04:59:00 AM,17/03/2020 11:58:43 AM,31523,EPA - Long Point,,Phosphorus - Filterable Reactive as P,"Phosphorus-Filterable Reactive as P",4.3,µg/L
2020-002-3818,16/03/2020 04:59:00 AM,17/03/2020 11:58:43 AM,31523,EPA - Long Point,,Phosphorus - Total,"Phosphorus - Total",0.075,mg/L
2020-002-3818,16/03/2020 04:59:00 AM,17/03/2020 11:58:43 AM,31523,EPA - Long Point,,Nitrite as N,"Nitrite as N",2.8,µg/L
2020-002-3818,16/03/2020 04:59:00 AM,17/03/2020 11:58:43 AM,31523,EPA - Long Point,,Nitrate + Nitrite as N,"Nitrate + Nitrite as N",11.5,µg/L
2020-002-3818,16/03/2020 04:59:00 AM,17/03/2020 11:58:43 AM,31523,EPA - Long Point,,Nitrate + Nitrite as N,"Nitrate + Nitrite as NO3",50.9,µg/L
2020-002-3818,16/03/2020 04:59:00 AM,17/03/2020 11:58:43 AM,31523,EPA - Long Point,,Nitrate + Nitrite as N,"Nitrate as Nitrogen",8.74,µg/L
2020-002-3818,16/03/2020 04:59:00 AM,17/03/2020 11:58:43 AM,31523,EPA - Long Point,,Suspended Solids,"Suspended Solids",8,mg/L
2020-002-3818,16/03/2020 04:59:00 AM,17/03/2020 11:58:43 AM,31523,EPA - Long Point,,Ammonia as N,"Ammonia as N",22,µg/L
2020-002-3819,16/03/2020 04:59:00 AM,17/03/2020 11:59:30 AM,31526,EPA - Nth Jack Point,,Chlorophyll a & Phaeophytin a,"Chlorophyll a",48.3,µg/L
2020-002-3819,16/03/2020 04:59:00 AM,17/03/2020 11:59:30 AM,31526,EPA - Nth Jack Point,,Chlorophyll a & Phaeophytin a,"Phaeophytin a",12.7,µg/L
2020-002-3819,16/03/2020 04:59:00 AM,17/03/2020 11:59:30 AM,31526,EPA - Nth Jack Point,,Chloride,"Chloride",66100,mg/L
2020-002-3819,16/03/2020 04:59:00 AM,17/03/2020 11:59:30 AM,31526,EPA - Nth Jack Point,,pH,"pH",7.9,pH units
2020-002-3819,16/03/2020 04:59:00 AM,17/03/2020 11:59:30 AM,31526,EPA - Nth Jack Point,,pH,"Temperature at which pH is measured",22.6,°C
2020-002-3819,16/03/2020 04:59:00 AM,17/03/2020 11:59:30 AM,31526,EPA - Nth Jack Point,,Silica - Reactive,"Silica - Reactive",2.04,mg/L
2020-002-3819,16/03/2020 04:59:00 AM,17/03/2020 11:59:30 AM,31526,EPA - Nth Jack Point,,Turbidity,"Turbidity",30,NTU
2020-002-3819,16/03/2020 04:59:00 AM,17/03/2020 11:59:30 AM,31526,EPA - Nth Jack Point,,Total Organic Carbon,"Total Organic Carbon",36.7,mg/L
2020-002-3819,16/03/2020 04:59:00 AM,17/03/2020 11:59:30 AM,31526,EPA - Nth Jack Point,,Dissolved Organic Carbon,"Dissolved Organic Carbon",28.4,mg/L
2020-002-3819,16/03/2020 04:59:00 AM,17/03/2020 11:59:30 AM,31526,EPA - Nth Jack Point,,Total Dissolved Solids by Evaporation,"Total Dissolved Solids (by evaporation)",129000,mg/L
2020-002-3819,16/03/2020 04:59:00 AM,17/03/2020 11:59:30 AM,31526,EPA - Nth Jack Point,,Nitrogen - Total,"Nitrogen - Total",6.61,mg/L
2020-002-3819,16/03/2020 04:59:00 AM,17/03/2020 11:59:30 AM,31526,EPA - Nth Jack Point,,Alkalinity Carbonate  Bicarbonate and Hydroxide,"Alkalinity as Calcium Carbonate",215,mg/L
2020-002-3819,16/03/2020 04:59:00 AM,17/03/2020 11:59:30 AM,31526,EPA - Nth Jack Point,,Alkalinity Carbonate  Bicarbonate and Hydroxide,"Bicarbonate",262,mg/L
2020-002-3819,16/03/2020 04:59:00 AM,17/03/2020 11:59:30 AM,31526,EPA - Nth Jack Point,,Alkalinity Carbonate  Bicarbonate and Hydroxide,"Carbonate",0,mg/L
2020-002-3819,16/03/2020 04:59:00 AM,17/03/2020 11:59:30 AM,31526,EPA - Nth Jack Point,,Alkalinity Carbonate  Bicarbonate and Hydroxide,"Hydroxide",0,mg/L
2020-002-3819,16/03/2020 04:59:00 AM,17/03/2020 11:59:30 AM,31526,EPA - Nth Jack Point,,Volatile Suspended Solids,"Fixed Solids",3,mg/L
2020-002-3819,16/03/2020 04:59:00 AM,17/03/2020 11:59:30 AM,31526,EPA - Nth Jack Point,,Volatile Suspended Solids,"Volatile Suspended Solids",30,mg/L
2020-002-3819,16/03/2020 04:59:00 AM,17/03/2020 11:59:30 AM,31526,EPA - Nth Jack Point,,TKN as N,"TKN as Nitrogen",6.61,mg/L
2020-002-3819,16/03/2020 04:59:00 AM,17/03/2020 11:59:30 AM,31526,EPA - Nth Jack Point,,Phosphorus - Filterable Reactive as P,"Phosphorus -Filterable Reactive as PO4",8.97,µg/L
2020-002-3819,16/03/2020 04:59:00 AM,17/03/2020 11:59:30 AM,31526,EPA - Nth Jack Point,,Phosphorus - Filterable Reactive as P,"Phosphorus-Filterable Reactive as P",3.0,µg/L
2020-002-3819,16/03/2020 04:59:00 AM,17/03/2020 11:59:30 AM,31526,EPA - Nth Jack Point,,Phosphorus - Total,"Phosphorus - Total",0.139,mg/L
2020-002-3819,16/03/2020 04:59:00 AM,17/03/2020 11:59:30 AM,31526,EPA - Nth Jack Point,,Nitrite as N,"Nitrite as N",2.7,µg/L
2020-002-3819,16/03/2020 04:59:00 AM,17/03/2020 11:59:30 AM,31526,EPA - Nth Jack Point,,Nitrate + Nitrite as N,"Nitrate + Nitrite as N",3.1,µg/L
2020-002-3819,16/03/2020 04:59:00 AM,17/03/2020 11:59:30 AM,31526,EPA - Nth Jack Point,,Nitrate + Nitrite as N,"Nitrate + Nitrite as NO3",13.7,µg/L
2020-002-3819,16/03/2020 04:59:00 AM,17/03/2020 11:59:30 AM,31526,EPA - Nth Jack Point,,Nitrate + Nitrite as N,"Nitrate as Nitrogen",0.385,µg/L
2020-002-3819,16/03/2020 04:59:00 AM,17/03/2020 11:59:30 AM,31526,EPA - Nth Jack Point,,Suspended Solids,"Suspended Solids",33,mg/L
2020-002-3819,16/03/2020 04:59:00 AM,17/03/2020 11:59:30 AM,31526,EPA - Nth Jack Point,,Ammonia as N,"Ammonia as N",79,µg/L
2020-002-3820,16/03/2020 04:59:00 AM,17/03/2020 11:59:49 AM,31518,EPA - 12 South Salt Creek,,Chlorophyll a & Phaeophytin a,"Chlorophyll a",65.8,µg/L
2020-002-3820,16/03/2020 04:59:00 AM,17/03/2020 11:59:49 AM,31518,EPA - 12 South Salt Creek,,Chlorophyll a & Phaeophytin a,"Phaeophytin a",12.7,µg/L
2020-002-3820,16/03/2020 04:59:00 AM,17/03/2020 11:59:49 AM,31518,EPA - 12 South Salt Creek,,Chloride,"Chloride",65500,mg/L
2020-002-3820,16/03/2020 04:59:00 AM,17/03/2020 11:59:49 AM,31518,EPA - 12 South Salt Creek,,pH,"pH",7.9,pH units
2020-002-3820,16/03/2020 04:59:00 AM,17/03/2020 11:59:49 AM,31518,EPA - 12 South Salt Creek,,pH,"Temperature at which pH is measured",22.7,°C
2020-002-3820,16/03/2020 04:59:00 AM,17/03/2020 11:59:49 AM,31518,EPA - 12 South Salt Creek,,Silica - Reactive,"Silica - Reactive",5.01,mg/L
2020-002-3820,16/03/2020 04:59:00 AM,17/03/2020 11:59:49 AM,31518,EPA - 12 South Salt Creek,,Turbidity,"Turbidity",13,NTU
2020-002-3820,16/03/2020 04:59:00 AM,17/03/2020 11:59:49 AM,31518,EPA - 12 South Salt Creek,,Total Organic Carbon,"Total Organic Carbon",35.7,mg/L
2020-002-3820,16/03/2020 04:59:00 AM,17/03/2020 11:59:49 AM,31518,EPA - 12 South Salt Creek,,Dissolved Organic Carbon,"Dissolved Organic Carbon",27.2,mg/L
2020-002-3820,16/03/2020 04:59:00 AM,17/03/2020 11:59:49 AM,31518,EPA - 12 South Salt Creek,,Total Dissolved Solids by Evaporation,"Total Dissolved Solids (by evaporation)",128000,mg/L
2020-002-3820,16/03/2020 04:59:00 AM,17/03/2020 11:59:49 AM,31518,EPA - 12 South Salt Creek,,Nitrogen - Total,"Nitrogen - Total",6.13,mg/L
2020-002-3820,16/03/2020 04:59:00 AM,17/03/2020 11:59:49 AM,31518,EPA - 12 South Salt Creek,,Alkalinity Carbonate  Bicarbonate and Hydroxide,"Alkalinity as Calcium Carbonate",223,mg/L
2020-002-3820,16/03/2020 04:59:00 AM,17/03/2020 11:59:49 AM,31518,EPA - 12 South Salt Creek,,Alkalinity Carbonate  Bicarbonate and Hydroxide,"Bicarbonate",272,mg/L
2020-002-3820,16/03/2020 04:59:00 AM,17/03/2020 11:59:49 AM,31518,EPA - 12 South Salt Creek,,Alkalinity Carbonate  Bicarbonate and Hydroxide,"Carbonate",0,mg/L
2020-002-3820,16/03/2020 04:59:00 AM,17/03/2020 11:59:49 AM,31518,EPA - 12 South Salt Creek,,Alkalinity Carbonate  Bicarbonate and Hydroxide,"Hydroxide",0,mg/L
2020-002-3820,16/03/2020 04:59:00 AM,17/03/2020 11:59:49 AM,31518,EPA - 12 South Salt Creek,,Volatile Suspended Solids,"Fixed Solids",7,mg/L
2020-002-3820,16/03/2020 04:59:00 AM,17/03/2020 11:59:49 AM,31518,EPA - 12 South Salt Creek,,Volatile Suspended Solids,"Volatile Suspended Solids",23,mg/L
2020-002-3820,16/03/2020 04:59:00 AM,17/03/2020 11:59:49 AM,31518,EPA - 12 South Salt Creek,,TKN as N,"TKN as Nitrogen",6.12,mg/L
2020-002-3820,16/03/2020 04:59:00 AM,17/03/2020 11:59:49 AM,31518,EPA - 12 South Salt Creek,,Phosphorus - Filterable Reactive as P,"Phosphorus -Filterable Reactive as PO4",5.98,µg/L
2020-002-3820,16/03/2020 04:59:00 AM,17/03/2020 11:59:49 AM,31518,EPA - 12 South Salt Creek,,Phosphorus - Filterable Reactive as P,"Phosphorus-Filterable Reactive as P",2.0,µg/L
2020-002-3820,16/03/2020 04:59:00 AM,17/03/2020 11:59:49 AM,31518,EPA - 12 South Salt Creek,,Phosphorus - Total,"Phosphorus - Total",0.156,mg/L
2020-002-3820,16/03/2020 04:59:00 AM,17/03/2020 11:59:49 AM,31518,EPA - 12 South Salt Creek,,Nitrite as N,"Nitrite as N",1.1,µg/L
2020-002-3820,16/03/2020 04:59:00 AM,17/03/2020 11:59:49 AM,31518,EPA - 12 South Salt Creek,,Nitrate + Nitrite as N,"Nitrate + Nitrite as N",5.2,µg/L
2020-002-3820,16/03/2020 04:59:00 AM,17/03/2020 11:59:49 AM,31518,EPA - 12 South Salt Creek,,Nitrate + Nitrite as N,"Nitrate + Nitrite as NO3",23.0,µg/L
2020-002-3820,16/03/2020 04:59:00 AM,17/03/2020 11:59:49 AM,31518,EPA - 12 South Salt Creek,,Nitrate + Nitrite as N,"Nitrate as Nitrogen",4.06,µg/L
2020-002-3820,16/03/2020 04:59:00 AM,17/03/2020 11:59:49 AM,31518,EPA - 12 South Salt Creek,,Suspended Solids,"Suspended Solids",30,mg/L
2020-002-3820,16/03/2020 04:59:00 AM,17/03/2020 11:59:49 AM,31518,EPA - 12 South Salt Creek,,Ammonia as N,"Ammonia as N",83,µg/L
2020-002-3821,16/03/2020 04:59:00 AM,17/03/2020 11:59:11 AM,31511,EPA - 3.2km South Salt Creek,,Chlorophyll a & Phaeophytin a,"Chlorophyll a",29.4,µg/L
2020-002-3821,16/03/2020 04:59:00 AM,17/03/2020 11:59:11 AM,31511,EPA - 3.2km South Salt Creek,,Chlorophyll a & Phaeophytin a,"Phaeophytin a",4.46,µg/L
2020-002-3821,16/03/2020 04:59:00 AM,17/03/2020 11:59:11 AM,31511,EPA - 3.2km South Salt Creek,,Chloride,"Chloride",77100,mg/L
2020-002-3821,16/03/2020 04:59:00 AM,17/03/2020 11:59:11 AM,31511,EPA - 3.2km South Salt Creek,,pH,"pH",7.6,pH units
2020-002-3821,16/03/2020 04:59:00 AM,17/03/2020 11:59:11 AM,31511,EPA - 3.2km South Salt Creek,,pH,"Temperature at which pH is measured",22.7,°C
2020-002-3821,16/03/2020 04:59:00 AM,17/03/2020 11:59:11 AM,31511,EPA - 3.2km South Salt Creek,,Silica - Reactive,"Silica - Reactive",7.83,mg/L
2020-002-3821,16/03/2020 04:59:00 AM,17/03/2020 11:59:11 AM,31511,EPA - 3.2km South Salt Creek,,Turbidity,"Turbidity",26,NTU
2020-002-3821,16/03/2020 04:59:00 AM,17/03/2020 11:59:11 AM,31511,EPA - 3.2km South Salt Creek,,Total Organic Carbon,"Total Organic Carbon",38.3,mg/L
2020-002-3821,16/03/2020 04:59:00 AM,17/03/2020 11:59:11 AM,31511,EPA - 3.2km South Salt Creek,,Dissolved Organic Carbon,"Dissolved Organic Carbon",31.4,mg/L
2020-002-3821,16/03/2020 04:59:00 AM,17/03/2020 11:59:11 AM,31511,EPA - 3.2km South Salt Creek,,Total Dissolved Solids by Evaporation,"Total Dissolved Solids (by evaporation)",157000,mg/L
2020-002-3821,16/03/2020 04:59:00 AM,17/03/2020 11:59:11 AM,31511,EPA - 3.2km South Salt Creek,,Nitrogen - Total,"Nitrogen - Total",8.44,mg/L
2020-002-3821,16/03/2020 04:59:00 AM,17/03/2020 11:59:11 AM,31511,EPA - 3.2km South Salt Creek,,Alkalinity Carbonate  Bicarbonate and Hydroxide,"Alkalinity as Calcium Carbonate",221,mg/L
2020-002-3821,16/03/2020 04:59:00 AM,17/03/2020 11:59:11 AM,31511,EPA - 3.2km South Salt Creek,,Alkalinity Carbonate  Bicarbonate and Hydroxide,"Bicarbonate",269,mg/L
2020-002-3821,16/03/2020 04:59:00 AM,17/03/2020 11:59:11 AM,31511,EPA - 3.2km South Salt Creek,,Alkalinity Carbonate  Bicarbonate and Hydroxide,"Carbonate",0,mg/L
2020-002-3821,16/03/2020 04:59:00 AM,17/03/2020 11:59:11 AM,31511,EPA - 3.2km South Salt Creek,,Alkalinity Carbonate  Bicarbonate and Hydroxide,"Hydroxide",0,mg/L
2020-002-3821,16/03/2020 04:59:00 AM,17/03/2020 11:59:11 AM,31511,EPA - 3.2km South Salt Creek,,Volatile Suspended Solids,"Fixed Solids",20,mg/L
2020-002-3821,16/03/2020 04:59:00 AM,17/03/2020 11:59:11 AM,31511,EPA - 3.2km South Salt Creek,,Volatile Suspended Solids,"Volatile Suspended Solids",27,mg/L
2020-002-3821,16/03/2020 04:59:00 AM,17/03/2020 11:59:11 AM,31511,EPA - 3.2km South Salt Creek,,TKN as N,"TKN as Nitrogen",8.43,mg/L
2020-002-3821,16/03/2020 04:59:00 AM,17/03/2020 11:59:11 AM,31511,EPA - 3.2km South Salt Creek,,Phosphorus - Filterable Reactive as P,"Phosphorus -Filterable Reactive as PO4",12.857,µg/L
2020-002-3821,16/03/2020 04:59:00 AM,17/03/2020 11:59:11 AM,31511,EPA - 3.2km South Salt Creek,,Phosphorus - Filterable Reactive as P,"Phosphorus-Filterable Reactive as P",4.3,µg/L
2020-002-3821,16/03/2020 04:59:00 AM,17/03/2020 11:59:11 AM,31511,EPA - 3.2km South Salt Creek,,Phosphorus - Total,"Phosphorus - Total",0.187,mg/L
2020-002-3821,16/03/2020 04:59:00 AM,17/03/2020 11:59:11 AM,31511,EPA - 3.2km South Salt Creek,,Nitrite as N,"Nitrite as N",2.8,µg/L
2020-002-3821,16/03/2020 04:59:00 AM,17/03/2020 11:59:11 AM,31511,EPA - 3.2km South Salt Creek,,Nitrate + Nitrite as N,"Nitrate + Nitrite as N",8.9,µg/L
2020-002-3821,16/03/2020 04:59:00 AM,17/03/2020 11:59:11 AM,31511,EPA - 3.2km South Salt Creek,,Nitrate + Nitrite as N,"Nitrate + Nitrite as NO3",39.4,µg/L
2020-002-3821,16/03/2020 04:59:00 AM,17/03/2020 11:59:11 AM,31511,EPA - 3.2km South Salt Creek,,Nitrate + Nitrite as N,"Nitrate as Nitrogen",6.09,µg/L
2020-002-3821,16/03/2020 04:59:00 AM,17/03/2020 11:59:11 AM,31511,EPA - 3.2km South Salt Creek,,Suspended Solids,"Suspended Solids",47,mg/L
2020-002-3821,16/03/2020 04:59:00 AM,17/03/2020 11:59:11 AM,31511,EPA - 3.2km South Salt Creek,,Ammonia as N,"Ammonia as N",0.062,mg/L
2020-002-3822,16/03/2020 04:59:00 AM,17/03/2020 11:59:45 AM,31515,EPA - Snipe Point,,Chlorophyll a & Phaeophytin a,"Chlorophyll a",60.5,µg/L
2020-002-3822,16/03/2020 04:59:00 AM,17/03/2020 11:59:45 AM,31515,EPA - Snipe Point,,Chlorophyll a & Phaeophytin a,"Phaeophytin a",18.4,µg/L
2020-002-3822,16/03/2020 04:59:00 AM,17/03/2020 11:59:45 AM,31515,EPA - Snipe Point,,Chloride,"Chloride",67000,mg/L
2020-002-3822,16/03/2020 04:59:00 AM,17/03/2020 11:59:45 AM,31515,EPA - Snipe Point,,pH,"pH",7.9,pH units
2020-002-3822,16/03/2020 04:59:00 AM,17/03/2020 11:59:45 AM,31515,EPA - Snipe Point,,pH,"Temperature at which pH is measured",22.7,°C
2020-002-3822,16/03/2020 04:59:00 AM,17/03/2020 11:59:45 AM,31515,EPA - Snipe Point,,Silica - Reactive,"Silica - Reactive",4.88,mg/L
2020-002-3822,16/03/2020 04:59:00 AM,17/03/2020 11:59:45 AM,31515,EPA - Snipe Point,,Turbidity,"Turbidity",13,NTU
2020-002-3822,16/03/2020 04:59:00 AM,17/03/2020 11:59:45 AM,31515,EPA - Snipe Point,,Total Organic Carbon,"Total Organic Carbon",35.4,mg/L
2020-002-3822,16/03/2020 04:59:00 AM,17/03/2020 11:59:45 AM,31515,EPA - Snipe Point,,Dissolved Organic Carbon,"Dissolved Organic Carbon",28.4,mg/L
2020-002-3822,16/03/2020 04:59:00 AM,17/03/2020 11:59:45 AM,31515,EPA - Snipe Point,,Total Dissolved Solids by Evaporation,"Total Dissolved Solids (by evaporation)",129000,mg/L
2020-002-3822,16/03/2020 04:59:00 AM,17/03/2020 11:59:45 AM,31515,EPA - Snipe Point,,Nitrogen - Total,"Nitrogen - Total",6.12,mg/L
2020-002-3822,16/03/2020 04:59:00 AM,17/03/2020 11:59:45 AM,31515,EPA - Snipe Point,,Alkalinity Carbonate  Bicarbonate and Hydroxide,"Alkalinity as Calcium Carbonate",222,mg/L
2020-002-3822,16/03/2020 04:59:00 AM,17/03/2020 11:59:45 AM,31515,EPA - Snipe Point,,Alkalinity Carbonate  Bicarbonate and Hydroxide,"Bicarbonate",271,mg/L
2020-002-3822,16/03/2020 04:59:00 AM,17/03/2020 11:59:45 AM,31515,EPA - Snipe Point,,Alkalinity Carbonate  Bicarbonate and Hydroxide,"Carbonate",0,mg/L
2020-002-3822,16/03/2020 04:59:00 AM,17/03/2020 11:59:45 AM,31515,EPA - Snipe Point,,Alkalinity Carbonate  Bicarbonate and Hydroxide,"Hydroxide",0,mg/L
2020-002-3822,16/03/2020 04:59:00 AM,17/03/2020 11:59:45 AM,31515,EPA - Snipe Point,,Volatile Suspended Solids,"Fixed Solids",15,mg/L
2020-002-3822,16/03/2020 04:59:00 AM,17/03/2020 11:59:45 AM,31515,EPA - Snipe Point,,Volatile Suspended Solids,"Volatile Suspended Solids",5,mg/L
2020-002-3822,16/03/2020 04:59:00 AM,17/03/2020 11:59:45 AM,31515,EPA - Snipe Point,,TKN as N,"TKN as Nitrogen",6.12,mg/L
2020-002-3822,16/03/2020 04:59:00 AM,17/03/2020 11:59:45 AM,31515,EPA - Snipe Point,,Phosphorus - Filterable Reactive as P,"Phosphorus -Filterable Reactive as PO4",8.671,µg/L
2020-002-3822,16/03/2020 04:59:00 AM,17/03/2020 11:59:45 AM,31515,EPA - Snipe Point,,Phosphorus - Filterable Reactive as P,"Phosphorus-Filterable Reactive as P",2.9,µg/L
2020-002-3822,16/03/2020 04:59:00 AM,17/03/2020 11:59:45 AM,31515,EPA - Snipe Point,,Phosphorus - Total,"Phosphorus - Total",0.189,mg/L
2020-002-3822,16/03/2020 04:59:00 AM,17/03/2020 11:59:45 AM,31515,EPA - Snipe Point,,Nitrite as N,"Nitrite as N",1.4,µg/L
2020-002-3822,16/03/2020 04:59:00 AM,17/03/2020 11:59:45 AM,31515,EPA - Snipe Point,,Nitrate + Nitrite as N,"Nitrate + Nitrite as N",4.0,µg/L
2020-002-3822,16/03/2020 04:59:00 AM,17/03/2020 11:59:45 AM,31515,EPA - Snipe Point,,Nitrate + Nitrite as N,"Nitrate + Nitrite as NO3",17.7,µg/L
2020-002-3822,16/03/2020 04:59:00 AM,17/03/2020 11:59:45 AM,31515,EPA - Snipe Point,,Nitrate + Nitrite as N,"Nitrate as Nitrogen",2.61,µg/L
2020-002-3822,16/03/2020 04:59:00 AM,17/03/2020 11:59:45 AM,31515,EPA - Snipe Point,,Suspended Solids,"Suspended Solids",20,mg/L
2020-002-3822,16/03/2020 04:59:00 AM,17/03/2020 11:59:45 AM,31515,EPA - Snipe Point,,Ammonia as N,"Ammonia as N",81,µg/L
2020-002-3823,16/03/2020 04:59:00 AM,17/03/2020 11:59:16 AM,31516,EPA - Seagull Island,,Chlorophyll a & Phaeophytin a,"Chlorophyll a",57.0,µg/L
2020-002-3823,16/03/2020 04:59:00 AM,17/03/2020 11:59:16 AM,31516,EPA - Seagull Island,,Chlorophyll a & Phaeophytin a,"Phaeophytin a",15.8,µg/L
2020-002-3823,16/03/2020 04:59:00 AM,17/03/2020 11:59:16 AM,31516,EPA - Seagull Island,,Chloride,"Chloride",64200,mg/L
2020-002-3823,16/03/2020 04:59:00 AM,17/03/2020 11:59:16 AM,31516,EPA - Seagull Island,,pH,"pH",7.9,pH units
2020-002-3823,16/03/2020 04:59:00 AM,17/03/2020 11:59:16 AM,31516,EPA - Seagull Island,,pH,"Temperature at which pH is measured",22.6,°C
2020-002-3823,16/03/2020 04:59:00 AM,17/03/2020 11:59:16 AM,31516,EPA - Seagull Island,,Silica - Reactive,"Silica - Reactive",4.05,mg/L
2020-002-3823,16/03/2020 04:59:00 AM,17/03/2020 11:59:16 AM,31516,EPA - Seagull Island,,Turbidity,"Turbidity",14,NTU
2020-002-3823,16/03/2020 04:59:00 AM,17/03/2020 11:59:16 AM,31516,EPA - Seagull Island,,Total Organic Carbon,"Total Organic Carbon",35.1,mg/L
2020-002-3823,16/03/2020 04:59:00 AM,17/03/2020 11:59:16 AM,31516,EPA - Seagull Island,,Dissolved Organic Carbon,"Dissolved Organic Carbon",27.5,mg/L
2020-002-3823,16/03/2020 04:59:00 AM,17/03/2020 11:59:16 AM,31516,EPA - Seagull Island,,Total Dissolved Solids by Evaporation,"Total Dissolved Solids (by evaporation)",128000,mg/L
2020-002-3823,16/03/2020 04:59:00 AM,17/03/2020 11:59:16 AM,31516,EPA - Seagull Island,,Nitrogen - Total,"Nitrogen - Total",6.20,mg/L
2020-002-3823,16/03/2020 04:59:00 AM,17/03/2020 11:59:16 AM,31516,EPA - Seagull Island,,Alkalinity Carbonate  Bicarbonate and Hydroxide,"Alkalinity as Calcium Carbonate",220,mg/L
2020-002-3823,16/03/2020 04:59:00 AM,17/03/2020 11:59:16 AM,31516,EPA - Seagull Island,,Alkalinity Carbonate  Bicarbonate and Hydroxide,"Bicarbonate",268,mg/L
2020-002-3823,16/03/2020 04:59:00 AM,17/03/2020 11:59:16 AM,31516,EPA - Seagull Island,,Alkalinity Carbonate  Bicarbonate and Hydroxide,"Carbonate",0,mg/L
2020-002-3823,16/03/2020 04:59:00 AM,17/03/2020 11:59:16 AM,31516,EPA - Seagull Island,,Alkalinity Carbonate  Bicarbonate and Hydroxide,"Hydroxide",0,mg/L
2020-002-3823,16/03/2020 04:59:00 AM,17/03/2020 11:59:16 AM,31516,EPA - Seagull Island,,Volatile Suspended Solids,"Fixed Solids",2,mg/L
2020-002-3823,16/03/2020 04:59:00 AM,17/03/2020 11:59:16 AM,31516,EPA - Seagull Island,,Volatile Suspended Solids,"Volatile Suspended Solids",18,mg/L
2020-002-3823,16/03/2020 04:59:00 AM,17/03/2020 11:59:16 AM,31516,EPA - Seagull Island,,TKN as N,"TKN as Nitrogen",6.20,mg/L
2020-002-3823,16/03/2020 04:59:00 AM,17/03/2020 11:59:16 AM,31516,EPA - Seagull Island,,Phosphorus - Filterable Reactive as P,"Phosphorus -Filterable Reactive as PO4",8.97,µg/L
2020-002-3823,16/03/2020 04:59:00 AM,17/03/2020 11:59:16 AM,31516,EPA - Seagull Island,,Phosphorus - Filterable Reactive as P,"Phosphorus-Filterable Reactive as P",3.0,µg/L
2020-002-3823,16/03/2020 04:59:00 AM,17/03/2020 11:59:16 AM,31516,EPA - Seagull Island,,Phosphorus - Total,"Phosphorus - Total",0.164,mg/L
2020-002-3823,16/03/2020 04:59:00 AM,17/03/2020 11:59:16 AM,31516,EPA - Seagull Island,,Nitrite as N,"Nitrite as N",2.2,µg/L
2020-002-3823,16/03/2020 04:59:00 AM,17/03/2020 11:59:16 AM,31516,EPA - Seagull Island,,Nitrate + Nitrite as N,"Nitrate + Nitrite as N",2.3,µg/L
2020-002-3823,16/03/2020 04:59:00 AM,17/03/2020 11:59:16 AM,31516,EPA - Seagull Island,,Nitrate + Nitrite as N,"Nitrate + Nitrite as NO3",10.2,µg/L
2020-002-3823,16/03/2020 04:59:00 AM,17/03/2020 11:59:16 AM,31516,EPA - Seagull Island,,Nitrate + Nitrite as N,"Nitrate as Nitrogen",0.150,µg/L
2020-002-3823,16/03/2020 04:59:00 AM,17/03/2020 11:59:16 AM,31516,EPA - Seagull Island,,Suspended Solids,"Suspended Solids",20,mg/L
2020-002-3823,16/03/2020 04:59:00 AM,17/03/2020 11:59:16 AM,31516,EPA - Seagull Island,,Ammonia as N,"Ammonia as N",69,µg/L
2020-002-3824,16/03/2020 04:59:00 AM,17/03/2020 11:59:35 AM,31517,EPA - 1.8km West Salt Creek,,Chlorophyll a & Phaeophytin a,"Chlorophyll a",73.9,µg/L
2020-002-3824,16/03/2020 04:59:00 AM,17/03/2020 11:59:35 AM,31517,EPA - 1.8km West Salt Creek,,Chlorophyll a & Phaeophytin a,"Phaeophytin a",17.1,µg/L
2020-002-3824,16/03/2020 04:59:00 AM,17/03/2020 11:59:35 AM,31517,EPA - 1.8km West Salt Creek,,Chloride,"Chloride",68800,mg/L
2020-002-3824,16/03/2020 04:59:00 AM,17/03/2020 11:59:35 AM,31517,EPA - 1.8km West Salt Creek,,pH,"pH",7.9,pH units
2020-002-3824,16/03/2020 04:59:00 AM,17/03/2020 11:59:35 AM,31517,EPA - 1.8km West Salt Creek,,pH,"Temperature at which pH is measured",22.6,°C
2020-002-3824,16/03/2020 04:59:00 AM,17/03/2020 11:59:35 AM,31517,EPA - 1.8km West Salt Creek,,Silica - Reactive,"Silica - Reactive",4.97,mg/L
2020-002-3824,16/03/2020 04:59:00 AM,17/03/2020 11:59:35 AM,31517,EPA - 1.8km West Salt Creek,,Turbidity,"Turbidity",13,NTU
2020-002-3824,16/03/2020 04:59:00 AM,17/03/2020 11:59:35 AM,31517,EPA - 1.8km West Salt Creek,,Total Organic Carbon,"Total Organic Carbon",35.9,mg/L
2020-002-3824,16/03/2020 04:59:00 AM,17/03/2020 11:59:35 AM,31517,EPA - 1.8km West Salt Creek,,Dissolved Organic Carbon,"Dissolved Organic Carbon",26.6,mg/L
2020-002-3824,16/03/2020 04:59:00 AM,17/03/2020 11:59:35 AM,31517,EPA - 1.8km West Salt Creek,,Total Dissolved Solids by Evaporation,"Total Dissolved Solids (by evaporation)",128000,mg/L
2020-002-3824,16/03/2020 04:59:00 AM,17/03/2020 11:59:35 AM,31517,EPA - 1.8km West Salt Creek,,Nitrogen - Total,"Nitrogen - Total",6.18,mg/L
2020-002-3824,16/03/2020 04:59:00 AM,17/03/2020 11:59:35 AM,31517,EPA - 1.8km West Salt Creek,,Alkalinity Carbonate  Bicarbonate and Hydroxide,"Alkalinity as Calcium Carbonate",225,mg/L
2020-002-3824,16/03/2020 04:59:00 AM,17/03/2020 11:59:35 AM,31517,EPA - 1.8km West Salt Creek,,Alkalinity Carbonate  Bicarbonate and Hydroxide,"Bicarbonate",275,mg/L
2020-002-3824,16/03/2020 04:59:00 AM,17/03/2020 11:59:35 AM,31517,EPA - 1.8km West Salt Creek,,Alkalinity Carbonate  Bicarbonate and Hydroxide,"Carbonate",0,mg/L
2020-002-3824,16/03/2020 04:59:00 AM,17/03/2020 11:59:35 AM,31517,EPA - 1.8km West Salt Creek,,Alkalinity Carbonate  Bicarbonate and Hydroxide,"Hydroxide",0,mg/L
2020-002-3824,16/03/2020 04:59:00 AM,17/03/2020 11:59:35 AM,31517,EPA - 1.8km West Salt Creek,,Volatile Suspended Solids,"Fixed Solids",<1,mg/L
2020-002-3824,16/03/2020 04:59:00 AM,17/03/2020 11:59:35 AM,31517,EPA - 1.8km West Salt Creek,,Volatile Suspended Solids,"Volatile Suspended Solids",14,mg/L
2020-002-3824,16/03/2020 04:59:00 AM,17/03/2020 11:59:35 AM,31517,EPA - 1.8km West Salt Creek,,TKN as N,"TKN as Nitrogen",6.18,mg/L
2020-002-3824,16/03/2020 04:59:00 AM,17/03/2020 11:59:35 AM,31517,EPA - 1.8km West Salt Creek,,Phosphorus - Filterable Reactive as P,"Phosphorus -Filterable Reactive as PO4",7.475,µg/L
2020-002-3824,16/03/2020 04:59:00 AM,17/03/2020 11:59:35 AM,31517,EPA - 1.8km West Salt Creek,,Phosphorus - Filterable Reactive as P,"Phosphorus-Filterable Reactive as P",2.5,µg/L
2020-002-3824,16/03/2020 04:59:00 AM,17/03/2020 11:59:35 AM,31517,EPA - 1.8km West Salt Creek,,Phosphorus - Total,"Phosphorus - Total",0.157,mg/L
2020-002-3824,16/03/2020 04:59:00 AM,17/03/2020 11:59:35 AM,31517,EPA - 1.8km West Salt Creek,,Nitrite as N,"Nitrite as N",2.2,µg/L
2020-002-3824,16/03/2020 04:59:00 AM,17/03/2020 11:59:35 AM,31517,EPA - 1.8km West Salt Creek,,Nitrate + Nitrite as N,"Nitrate + Nitrite as N",3.2,µg/L
2020-002-3824,16/03/2020 04:59:00 AM,17/03/2020 11:59:35 AM,31517,EPA - 1.8km West Salt Creek,,Nitrate + Nitrite as N,"Nitrate + Nitrite as NO3",14.2,µg/L
2020-002-3824,16/03/2020 04:59:00 AM,17/03/2020 11:59:35 AM,31517,EPA - 1.8km West Salt Creek,,Nitrate + Nitrite as N,"Nitrate as Nitrogen",0.990,µg/L
2020-002-3824,16/03/2020 04:59:00 AM,17/03/2020 11:59:35 AM,31517,EPA - 1.8km West Salt Creek,,Suspended Solids,"Suspended Solids",14,mg/L
2020-002-3824,16/03/2020 04:59:00 AM,17/03/2020 11:59:35 AM,31517,EPA - 1.8km West Salt Creek,,Ammonia as N,"Ammonia as N",82,µg/L
2020-002-3825,16/03/2020 04:59:00 AM,17/03/2020 11:59:02 AM,31513,EPA - Parnka Point Boat Ramp,,Chlorophyll a & Phaeophytin a,"Chlorophyll a",52.7,µg/L
2020-002-3825,16/03/2020 04:59:00 AM,17/03/2020 11:59:02 AM,31513,EPA - Parnka Point Boat Ramp,,Chlorophyll a & Phaeophytin a,"Phaeophytin a",20.1,µg/L
2020-002-3825,16/03/2020 04:59:00 AM,17/03/2020 11:59:02 AM,31513,EPA - Parnka Point Boat Ramp,,Chloride,"Chloride",67400,mg/L
2020-002-3825,16/03/2020 04:59:00 AM,17/03/2020 11:59:02 AM,31513,EPA - Parnka Point Boat Ramp,,pH,"pH",7.8,pH units
2020-002-3825,16/03/2020 04:59:00 AM,17/03/2020 11:59:02 AM,31513,EPA - Parnka Point Boat Ramp,,pH,"Temperature at which pH is measured",22.3,°C
2020-002-3825,16/03/2020 04:59:00 AM,17/03/2020 11:59:02 AM,31513,EPA - Parnka Point Boat Ramp,,Silica - Reactive,"Silica - Reactive",2.51,mg/L
2020-002-3825,16/03/2020 04:59:00 AM,17/03/2020 11:59:02 AM,31513,EPA - Parnka Point Boat Ramp,,Turbidity,"Turbidity",36,NTU
2020-002-3825,16/03/2020 04:59:00 AM,17/03/2020 11:59:02 AM,31513,EPA - Parnka Point Boat Ramp,,Total Organic Carbon,"Total Organic Carbon",38.3,mg/L
2020-002-3825,16/03/2020 04:59:00 AM,17/03/2020 11:59:02 AM,31513,EPA - Parnka Point Boat Ramp,,Dissolved Organic Carbon,"Dissolved Organic Carbon",30.1,mg/L
2020-002-3825,16/03/2020 04:59:00 AM,17/03/2020 11:59:02 AM,31513,EPA - Parnka Point Boat Ramp,,Total Dissolved Solids by Evaporation,"Total Dissolved Solids (by evaporation)",133000,mg/L
2020-002-3825,16/03/2020 04:59:00 AM,17/03/2020 11:59:02 AM,31513,EPA - Parnka Point Boat Ramp,,Nitrogen - Total,"Nitrogen - Total",6.73,mg/L
2020-002-3825,16/03/2020 04:59:00 AM,17/03/2020 11:59:02 AM,31513,EPA - Parnka Point Boat Ramp,,Alkalinity Carbonate  Bicarbonate and Hydroxide,"Alkalinity as Calcium Carbonate",215,mg/L
2020-002-3825,16/03/2020 04:59:00 AM,17/03/2020 11:59:02 AM,31513,EPA - Parnka Point Boat Ramp,,Alkalinity Carbonate  Bicarbonate and Hydroxide,"Bicarbonate",263,mg/L
2020-002-3825,16/03/2020 04:59:00 AM,17/03/2020 11:59:02 AM,31513,EPA - Parnka Point Boat Ramp,,Alkalinity Carbonate  Bicarbonate and Hydroxide,"Carbonate",0,mg/L
2020-002-3825,16/03/2020 04:59:00 AM,17/03/2020 11:59:02 AM,31513,EPA - Parnka Point Boat Ramp,,Alkalinity Carbonate  Bicarbonate and Hydroxide,"Hydroxide",0,mg/L
2020-002-3825,16/03/2020 04:59:00 AM,17/03/2020 11:59:02 AM,31513,EPA - Parnka Point Boat Ramp,,Volatile Suspended Solids,"Fixed Solids",26,mg/L
2020-002-3825,16/03/2020 04:59:00 AM,17/03/2020 11:59:02 AM,31513,EPA - Parnka Point Boat Ramp,,Volatile Suspended Solids,"Volatile Suspended Solids",37,mg/L
2020-002-3825,16/03/2020 04:59:00 AM,17/03/2020 11:59:02 AM,31513,EPA - Parnka Point Boat Ramp,,TKN as N,"TKN as Nitrogen",6.73,mg/L
2020-002-3825,16/03/2020 04:59:00 AM,17/03/2020 11:59:02 AM,31513,EPA - Parnka Point Boat Ramp,,Phosphorus - Filterable Reactive as P,"Phosphorus -Filterable Reactive as PO4",10.465,µg/L
2020-002-3825,16/03/2020 04:59:00 AM,17/03/2020 11:59:02 AM,31513,EPA - Parnka Point Boat Ramp,,Phosphorus - Filterable Reactive as P,"Phosphorus-Filterable Reactive as P",3.5,µg/L
2020-002-3825,16/03/2020 04:59:00 AM,17/03/2020 11:59:02 AM,31513,EPA - Parnka Point Boat Ramp,,Phosphorus - Total,"Phosphorus - Total",0.299,mg/L
2020-002-3825,16/03/2020 04:59:00 AM,17/03/2020 11:59:02 AM,31513,EPA - Parnka Point Boat Ramp,,Nitrite as N,"Nitrite as N",2.5,µg/L
2020-002-3825,16/03/2020 04:59:00 AM,17/03/2020 11:59:02 AM,31513,EPA - Parnka Point Boat Ramp,,Nitrate + Nitrite as N,"Nitrate + Nitrite as N",4.5,µg/L
2020-002-3825,16/03/2020 04:59:00 AM,17/03/2020 11:59:02 AM,31513,EPA - Parnka Point Boat Ramp,,Nitrate + Nitrite as N,"Nitrate + Nitrite as NO3",19.9,µg/L
2020-002-3825,16/03/2020 04:59:00 AM,17/03/2020 11:59:02 AM,31513,EPA - Parnka Point Boat Ramp,,Nitrate + Nitrite as N,"Nitrate as Nitrogen",1.97,µg/L
2020-002-3825,16/03/2020 04:59:00 AM,17/03/2020 11:59:02 AM,31513,EPA - Parnka Point Boat Ramp,,Suspended Solids,"Suspended Solids",63,mg/L
2020-002-3825,16/03/2020 04:59:00 AM,17/03/2020 11:59:02 AM,31513,EPA - Parnka Point Boat Ramp,,Ammonia as N,"Ammonia as N",103,µg/L
2020-002-3826,16/03/2020 04:59:00 AM,17/03/2020 11:59:25 AM,31514,EPA - Stoney Well,,Chlorophyll a & Phaeophytin a,"Chlorophyll a",44.2,µg/L
2020-002-3826,16/03/2020 04:59:00 AM,17/03/2020 11:59:25 AM,31514,EPA - Stoney Well,,Chlorophyll a & Phaeophytin a,"Phaeophytin a",13.1,µg/L
2020-002-3826,16/03/2020 04:59:00 AM,17/03/2020 11:59:25 AM,31514,EPA - Stoney Well,,Chloride,"Chloride",70800,mg/L
2020-002-3826,16/03/2020 04:59:00 AM,17/03/2020 11:59:25 AM,31514,EPA - Stoney Well,,pH,"pH",7.9,pH units
2020-002-3826,16/03/2020 04:59:00 AM,17/03/2020 11:59:25 AM,31514,EPA - Stoney Well,,pH,"Temperature at which pH is measured",22.6,°C
2020-002-3826,16/03/2020 04:59:00 AM,17/03/2020 11:59:25 AM,31514,EPA - Stoney Well,,Silica - Reactive,"Silica - Reactive",1.56,mg/L
2020-002-3826,16/03/2020 04:59:00 AM,17/03/2020 11:59:25 AM,31514,EPA - Stoney Well,,Turbidity,"Turbidity",28,NTU
2020-002-3826,16/03/2020 04:59:00 AM,17/03/2020 11:59:25 AM,31514,EPA - Stoney Well,,Total Organic Carbon,"Total Organic Carbon",36.8,mg/L
2020-002-3826,16/03/2020 04:59:00 AM,17/03/2020 11:59:25 AM,31514,EPA - Stoney Well,,Dissolved Organic Carbon,"Dissolved Organic Carbon",29.0,mg/L
2020-002-3826,16/03/2020 04:59:00 AM,17/03/2020 11:59:25 AM,31514,EPA - Stoney Well,,Total Dissolved Solids by Evaporation,"Total Dissolved Solids (by evaporation)",130000,mg/L
2020-002-3826,16/03/2020 04:59:00 AM,17/03/2020 11:59:25 AM,31514,EPA - Stoney Well,,Nitrogen - Total,"Nitrogen - Total",6.60,mg/L
2020-002-3826,16/03/2020 04:59:00 AM,17/03/2020 11:59:25 AM,31514,EPA - Stoney Well,,Alkalinity Carbonate  Bicarbonate and Hydroxide,"Alkalinity as Calcium Carbonate",219,mg/L
2020-002-3826,16/03/2020 04:59:00 AM,17/03/2020 11:59:25 AM,31514,EPA - Stoney Well,,Alkalinity Carbonate  Bicarbonate and Hydroxide,"Bicarbonate",267,mg/L
2020-002-3826,16/03/2020 04:59:00 AM,17/03/2020 11:59:25 AM,31514,EPA - Stoney Well,,Alkalinity Carbonate  Bicarbonate and Hydroxide,"Carbonate",0,mg/L
2020-002-3826,16/03/2020 04:59:00 AM,17/03/2020 11:59:25 AM,31514,EPA - Stoney Well,,Alkalinity Carbonate  Bicarbonate and Hydroxide,"Hydroxide",0,mg/L
2020-002-3826,16/03/2020 04:59:00 AM,17/03/2020 11:59:25 AM,31514,EPA - Stoney Well,,Volatile Suspended Solids,"Fixed Solids",12,mg/L
2020-002-3826,16/03/2020 04:59:00 AM,17/03/2020 11:59:25 AM,31514,EPA - Stoney Well,,Volatile Suspended Solids,"Volatile Suspended Solids",30,mg/L
2020-002-3826,16/03/2020 04:59:00 AM,17/03/2020 11:59:25 AM,31514,EPA - Stoney Well,,TKN as N,"TKN as Nitrogen",6.60,mg/L
2020-002-3826,16/03/2020 04:59:00 AM,17/03/2020 11:59:25 AM,31514,EPA - Stoney Well,,Phosphorus - Filterable Reactive as P,"Phosphorus -Filterable Reactive as PO4",13.455,µg/L
2020-002-3826,16/03/2020 04:59:00 AM,17/03/2020 11:59:25 AM,31514,EPA - Stoney Well,,Phosphorus - Filterable Reactive as P,"Phosphorus-Filterable Reactive as P",4.5,µg/L
2020-002-3826,16/03/2020 04:59:00 AM,17/03/2020 11:59:25 AM,31514,EPA - Stoney Well,,Phosphorus - Total,"Phosphorus - Total",0.172,mg/L
2020-002-3826,16/03/2020 04:59:00 AM,17/03/2020 11:59:25 AM,31514,EPA - Stoney Well,,Nitrite as N,"Nitrite as N",2.2,µg/L
2020-002-3826,16/03/2020 04:59:00 AM,17/03/2020 11:59:25 AM,31514,EPA - Stoney Well,,Nitrate + Nitrite as N,"Nitrate + Nitrite as N",4.3,µg/L
2020-002-3826,16/03/2020 04:59:00 AM,17/03/2020 11:59:25 AM,31514,EPA - Stoney Well,,Nitrate + Nitrite as N,"Nitrate + Nitrite as NO3",19.0,µg/L
2020-002-3826,16/03/2020 04:59:00 AM,17/03/2020 11:59:25 AM,31514,EPA - Stoney Well,,Nitrate + Nitrite as N,"Nitrate as Nitrogen",2.08,µg/L
2020-002-3826,16/03/2020 04:59:00 AM,17/03/2020 11:59:25 AM,31514,EPA - Stoney Well,,Suspended Solids,"Suspended Solids",42,mg/L
2020-002-3826,16/03/2020 04:59:00 AM,17/03/2020 11:59:25 AM,31514,EPA - Stoney Well,,Ammonia as N,"Ammonia as N",89,µg/L
2020-002-3827,16/03/2020 04:59:00 AM,17/03/2020 11:59:07 AM,31512,EPA - McGrath Flat North,,Chlorophyll a & Phaeophytin a,"Chlorophyll a",43.1,µg/L
2020-002-3827,16/03/2020 04:59:00 AM,17/03/2020 11:59:07 AM,31512,EPA - McGrath Flat North,,Chlorophyll a & Phaeophytin a,"Phaeophytin a",10.1,µg/L
2020-002-3827,16/03/2020 04:59:00 AM,17/03/2020 11:59:07 AM,31512,EPA - McGrath Flat North,,Chloride,"Chloride",65700,mg/L
2020-002-3827,16/03/2020 04:59:00 AM,17/03/2020 11:59:07 AM,31512,EPA - McGrath Flat North,,pH,"pH",7.8,pH units
2020-002-3827,16/03/2020 04:59:00 AM,17/03/2020 11:59:07 AM,31512,EPA - McGrath Flat North,,pH,"Temperature at which pH is measured",22.6,°C
2020-002-3827,16/03/2020 04:59:00 AM,17/03/2020 11:59:07 AM,31512,EPA - McGrath Flat North,,Silica - Reactive,"Silica - Reactive",2.47,mg/L
2020-002-3827,16/03/2020 04:59:00 AM,17/03/2020 11:59:07 AM,31512,EPA - McGrath Flat North,,Turbidity,"Turbidity",28,NTU
2020-002-3827,16/03/2020 04:59:00 AM,17/03/2020 11:59:07 AM,31512,EPA - McGrath Flat North,,Total Organic Carbon,"Total Organic Carbon",37.9,mg/L
2020-002-3827,16/03/2020 04:59:00 AM,17/03/2020 11:59:07 AM,31512,EPA - McGrath Flat North,,Dissolved Organic Carbon,"Dissolved Organic Carbon",29.4,mg/L
2020-002-3827,16/03/2020 04:59:00 AM,17/03/2020 11:59:07 AM,31512,EPA - McGrath Flat North,,Total Dissolved Solids by Evaporation,"Total Dissolved Solids (by evaporation)",129000,mg/L
2020-002-3827,16/03/2020 04:59:00 AM,17/03/2020 11:59:07 AM,31512,EPA - McGrath Flat North,,Nitrogen - Total,"Nitrogen - Total",7.04,mg/L
2020-002-3827,16/03/2020 04:59:00 AM,17/03/2020 11:59:07 AM,31512,EPA - McGrath Flat North,,Alkalinity Carbonate  Bicarbonate and Hydroxide,"Alkalinity as Calcium Carbonate",224,mg/L
2020-002-3827,16/03/2020 04:59:00 AM,17/03/2020 11:59:07 AM,31512,EPA - McGrath Flat North,,Alkalinity Carbonate  Bicarbonate and Hydroxide,"Bicarbonate",274,mg/L
2020-002-3827,16/03/2020 04:59:00 AM,17/03/2020 11:59:07 AM,31512,EPA - McGrath Flat North,,Alkalinity Carbonate  Bicarbonate and Hydroxide,"Carbonate",0,mg/L
2020-002-3827,16/03/2020 04:59:00 AM,17/03/2020 11:59:07 AM,31512,EPA - McGrath Flat North,,Alkalinity Carbonate  Bicarbonate and Hydroxide,"Hydroxide",0,mg/L
2020-002-3827,16/03/2020 04:59:00 AM,17/03/2020 11:59:07 AM,31512,EPA - McGrath Flat North,,Volatile Suspended Solids,"Fixed Solids",3,mg/L
2020-002-3827,16/03/2020 04:59:00 AM,17/03/2020 11:59:07 AM,31512,EPA - McGrath Flat North,,Volatile Suspended Solids,"Volatile Suspended Solids",30,mg/L
2020-002-3827,16/03/2020 04:59:00 AM,17/03/2020 11:59:07 AM,31512,EPA - McGrath Flat North,,TKN as N,"TKN as Nitrogen",7.04,mg/L
2020-002-3827,16/03/2020 04:59:00 AM,17/03/2020 11:59:07 AM,31512,EPA - McGrath Flat North,,Phosphorus - Filterable Reactive as P,"Phosphorus -Filterable Reactive as PO4",13.156,µg/L
2020-002-3827,16/03/2020 04:59:00 AM,17/03/2020 11:59:07 AM,31512,EPA - McGrath Flat North,,Phosphorus - Filterable Reactive as P,"Phosphorus-Filterable Reactive as P",4.4,µg/L
2020-002-3827,16/03/2020 04:59:00 AM,17/03/2020 11:59:07 AM,31512,EPA - McGrath Flat North,,Phosphorus - Total,"Phosphorus - Total",0.258,mg/L
2020-002-3827,16/03/2020 04:59:00 AM,17/03/2020 11:59:07 AM,31512,EPA - McGrath Flat North,,Nitrite as N,"Nitrite as N",2.3,µg/L
2020-002-3827,16/03/2020 04:59:00 AM,17/03/2020 11:59:07 AM,31512,EPA - McGrath Flat North,,Nitrate + Nitrite as N,"Nitrate + Nitrite as N",4.4,µg/L
2020-002-3827,16/03/2020 04:59:00 AM,17/03/2020 11:59:07 AM,31512,EPA - McGrath Flat North,,Nitrate + Nitrite as N,"Nitrate + Nitrite as NO3",19.5,µg/L
2020-002-3827,16/03/2020 04:59:00 AM,17/03/2020 11:59:07 AM,31512,EPA - McGrath Flat North,,Nitrate + Nitrite as N,"Nitrate as Nitrogen",2.10,µg/L
2020-002-3827,16/03/2020 04:59:00 AM,17/03/2020 11:59:07 AM,31512,EPA - McGrath Flat North,,Suspended Solids,"Suspended Solids",33,mg/L
2020-002-3827,16/03/2020 04:59:00 AM,17/03/2020 11:59:07 AM,31512,EPA - McGrath Flat North,,Ammonia as N,"Ammonia as N",0.021,mg/L
2020-002-3829,16/03/2020 04:59:00 AM,17/03/2020 11:59:20 AM,315191,EPA - Morella Creek @ guage,,Chlorophyll a & Phaeophytin a,"Chlorophyll a",6.11,µg/L
2020-002-3829,16/03/2020 04:59:00 AM,17/03/2020 11:59:20 AM,315191,EPA - Morella Creek @ guage,,Chlorophyll a & Phaeophytin a,"Phaeophytin a",2.95,µg/L
2020-002-3829,16/03/2020 04:59:00 AM,17/03/2020 11:59:20 AM,315191,EPA - Morella Creek @ guage,,Chloride,"Chloride",8860,mg/L
2020-002-3829,16/03/2020 04:59:00 AM,17/03/2020 11:59:20 AM,315191,EPA - Morella Creek @ guage,,pH,"pH",9.8,pH units
2020-002-3829,16/03/2020 04:59:00 AM,17/03/2020 11:59:20 AM,315191,EPA - Morella Creek @ guage,,pH,"Temperature at which pH is measured",22.8,°C
2020-002-3829,16/03/2020 04:59:00 AM,17/03/2020 11:59:20 AM,315191,EPA - Morella Creek @ guage,,Silica - Reactive,"Silica - Reactive",0.71,mg/L
2020-002-3829,16/03/2020 04:59:00 AM,17/03/2020 11:59:20 AM,315191,EPA - Morella Creek @ guage,,Turbidity,"Turbidity",2.6,NTU
2020-002-3829,16/03/2020 04:59:00 AM,17/03/2020 11:59:20 AM,315191,EPA - Morella Creek @ guage,,Total Organic Carbon,"Total Organic Carbon",26.9,mg/L
2020-002-3829,16/03/2020 04:59:00 AM,17/03/2020 11:59:20 AM,315191,EPA - Morella Creek @ guage,,Dissolved Organic Carbon,"Dissolved Organic Carbon",24.1,mg/L
2020-002-3829,16/03/2020 04:59:00 AM,17/03/2020 11:59:20 AM,315191,EPA - Morella Creek @ guage,,Total Dissolved Solids by Evaporation,"Total Dissolved Solids (by evaporation)",16000,mg/L
2020-002-3829,16/03/2020 04:59:00 AM,17/03/2020 11:59:20 AM,315191,EPA - Morella Creek @ guage,,Nitrogen - Total,"Nitrogen - Total",2.97,mg/L
2020-002-3829,16/03/2020 04:59:00 AM,17/03/2020 11:59:20 AM,315191,EPA - Morella Creek @ guage,,Alkalinity Carbonate  Bicarbonate and Hydroxide,"Alkalinity as Calcium Carbonate",271,mg/L
2020-002-3829,16/03/2020 04:59:00 AM,17/03/2020 11:59:20 AM,315191,EPA - Morella Creek @ guage,,Alkalinity Carbonate  Bicarbonate and Hydroxide,"Bicarbonate",77,mg/L
2020-002-3829,16/03/2020 04:59:00 AM,17/03/2020 11:59:20 AM,315191,EPA - Morella Creek @ guage,,Alkalinity Carbonate  Bicarbonate and Hydroxide,"Carbonate",125,mg/L
2020-002-3829,16/03/2020 04:59:00 AM,17/03/2020 11:59:20 AM,315191,EPA - Morella Creek @ guage,,Alkalinity Carbonate  Bicarbonate and Hydroxide,"Hydroxide",0,mg/L
2020-002-3829,16/03/2020 04:59:00 AM,17/03/2020 11:59:20 AM,315191,EPA - Morella Creek @ guage,,Volatile Suspended Solids,"Fixed Solids",<1,mg/L
2020-002-3829,16/03/2020 04:59:00 AM,17/03/2020 11:59:20 AM,315191,EPA - Morella Creek @ guage,,Volatile Suspended Solids,"Volatile Suspended Solids",<1,mg/L
2020-002-3829,16/03/2020 04:59:00 AM,17/03/2020 11:59:20 AM,315191,EPA - Morella Creek @ guage,,TKN as N,"TKN as Nitrogen",2.96,mg/L
2020-002-3829,16/03/2020 04:59:00 AM,17/03/2020 11:59:20 AM,315191,EPA - Morella Creek @ guage,,Phosphorus - Filterable Reactive as P,"Phosphorus -Filterable Reactive as PO4",19.136,µg/L
2020-002-3829,16/03/2020 04:59:00 AM,17/03/2020 11:59:20 AM,315191,EPA - Morella Creek @ guage,,Phosphorus - Filterable Reactive as P,"Phosphorus-Filterable Reactive as P",6.4,µg/L
2020-002-3829,16/03/2020 04:59:00 AM,17/03/2020 11:59:20 AM,315191,EPA - Morella Creek @ guage,,Phosphorus - Total,"Phosphorus - Total",0.281,mg/L
2020-002-3829,16/03/2020 04:59:00 AM,17/03/2020 11:59:20 AM,315191,EPA - Morella Creek @ guage,,Nitrite as N,"Nitrite as N",2.6,µg/L
2020-002-3829,16/03/2020 04:59:00 AM,17/03/2020 11:59:20 AM,315191,EPA - Morella Creek @ guage,,Nitrate + Nitrite as N,"Nitrate + Nitrite as N",12.6,µg/L
2020-002-3829,16/03/2020 04:59:00 AM,17/03/2020 11:59:20 AM,315191,EPA - Morella Creek @ guage,,Nitrate + Nitrite as N,"Nitrate + Nitrite as NO3",55.8,µg/L
2020-002-3829,16/03/2020 04:59:00 AM,17/03/2020 11:59:20 AM,315191,EPA - Morella Creek @ guage,,Nitrate + Nitrite as N,"Nitrate as Nitrogen",9.99,µg/L
2020-002-3829,16/03/2020 04:59:00 AM,17/03/2020 11:59:20 AM,315191,EPA - Morella Creek @ guage,,Suspended Solids,"Suspended Solids",<1,mg/L
2020-002-3829,16/03/2020 04:59:00 AM,17/03/2020 11:59:20 AM,315191,EPA - Morella Creek @ guage,,Ammonia as N,"Ammonia as N",0.548,mg/L
2020-002-3830,16/03/2020 04:59:00 AM,17/03/2020 11:58:57 AM,300713,Tilley Swamp Drain D/S Northern Outlet,,Chlorophyll a & Phaeophytin a,"Chlorophyll a",1.80,µg/L
2020-002-3830,16/03/2020 04:59:00 AM,17/03/2020 11:58:57 AM,300713,Tilley Swamp Drain D/S Northern Outlet,,Chlorophyll a & Phaeophytin a,"Phaeophytin a",0.53,µg/L
2020-002-3830,16/03/2020 04:59:00 AM,17/03/2020 11:58:57 AM,300713,Tilley Swamp Drain D/S Northern Outlet,,Chloride,"Chloride",3280,mg/L
2020-002-3830,16/03/2020 04:59:00 AM,17/03/2020 11:58:57 AM,300713,Tilley Swamp Drain D/S Northern Outlet,,pH,"pH",8.5,pH units
2020-002-3830,16/03/2020 04:59:00 AM,17/03/2020 11:58:57 AM,300713,Tilley Swamp Drain D/S Northern Outlet,,pH,"Temperature at which pH is measured",22.4,°C
2020-002-3830,16/03/2020 04:59:00 AM,17/03/2020 11:58:57 AM,300713,Tilley Swamp Drain D/S Northern Outlet,,Silica - Reactive,"Silica - Reactive",11.8,mg/L
2020-002-3830,16/03/2020 04:59:00 AM,17/03/2020 11:58:57 AM,300713,Tilley Swamp Drain D/S Northern Outlet,,Turbidity,"Turbidity",7.5,NTU
2020-002-3830,16/03/2020 04:59:00 AM,17/03/2020 11:58:57 AM,300713,Tilley Swamp Drain D/S Northern Outlet,,Suspended Solids,"Suspended Solids",<1,mg/L
2020-002-3830,16/03/2020 04:59:00 AM,17/03/2020 11:58:57 AM,300713,Tilley Swamp Drain D/S Northern Outlet,,Total Organic Carbon,"Total Organic Carbon",7.3,mg/L
2020-002-3830,16/03/2020 04:59:00 AM,17/03/2020 11:58:57 AM,300713,Tilley Swamp Drain D/S Northern Outlet,,Dissolved Organic Carbon,"Dissolved Organic Carbon",7.2,mg/L
2020-002-3830,16/03/2020 04:59:00 AM,17/03/2020 11:58:57 AM,300713,Tilley Swamp Drain D/S Northern Outlet,,Total Dissolved Solids by Evaporation,"Total Dissolved Solids (by evaporation)",5400,mg/L
2020-002-3830,16/03/2020 04:59:00 AM,17/03/2020 11:58:57 AM,300713,Tilley Swamp Drain D/S Northern Outlet,,Nitrogen - Total,"Nitrogen - Total",0.77,mg/L
2020-002-3830,16/03/2020 04:59:00 AM,17/03/2020 11:58:57 AM,300713,Tilley Swamp Drain D/S Northern Outlet,,Alkalinity Carbonate  Bicarbonate and Hydroxide,"Alkalinity as Calcium Carbonate",404,mg/L
2020-002-3830,16/03/2020 04:59:00 AM,17/03/2020 11:58:57 AM,300713,Tilley Swamp Drain D/S Northern Outlet,,Alkalinity Carbonate  Bicarbonate and Hydroxide,"Bicarbonate",459,mg/L
2020-002-3830,16/03/2020 04:59:00 AM,17/03/2020 11:58:57 AM,300713,Tilley Swamp Drain D/S Northern Outlet,,Alkalinity Carbonate  Bicarbonate and Hydroxide,"Carbonate",16,mg/L
2020-002-3830,16/03/2020 04:59:00 AM,17/03/2020 11:58:57 AM,300713,Tilley Swamp Drain D/S Northern Outlet,,Alkalinity Carbonate  Bicarbonate and Hydroxide,"Hydroxide",0,mg/L
2020-002-3830,16/03/2020 04:59:00 AM,17/03/2020 11:58:57 AM,300713,Tilley Swamp Drain D/S Northern Outlet,,Volatile Suspended Solids,"Fixed Solids",<1,mg/L
2020-002-3830,16/03/2020 04:59:00 AM,17/03/2020 11:58:57 AM,300713,Tilley Swamp Drain D/S Northern Outlet,,Volatile Suspended Solids,"Volatile Suspended Solids",<1,mg/L
2020-002-3830,16/03/2020 04:59:00 AM,17/03/2020 11:58:57 AM,300713,Tilley Swamp Drain D/S Northern Outlet,,TKN as N,"TKN as Nitrogen",0.74,mg/L
2020-002-3830,16/03/2020 04:59:00 AM,17/03/2020 11:58:57 AM,300713,Tilley Swamp Drain D/S Northern Outlet,,Phosphorus - Filterable Reactive as P,"Phosphorus -Filterable Reactive as PO4",13.455,µg/L
2020-002-3830,16/03/2020 04:59:00 AM,17/03/2020 11:58:57 AM,300713,Tilley Swamp Drain D/S Northern Outlet,,Phosphorus - Filterable Reactive as P,"Phosphorus-Filterable Reactive as P",4.5,µg/L
2020-002-3830,16/03/2020 04:59:00 AM,17/03/2020 11:58:57 AM,300713,Tilley Swamp Drain D/S Northern Outlet,,Phosphorus - Total,"Phosphorus - Total",0.008,mg/L
2020-002-3830,16/03/2020 04:59:00 AM,17/03/2020 11:58:57 AM,300713,Tilley Swamp Drain D/S Northern Outlet,,Nitrite as N,"Nitrite as N",0.5,µg/L
2020-002-3830,16/03/2020 04:59:00 AM,17/03/2020 11:58:57 AM,300713,Tilley Swamp Drain D/S Northern Outlet,,Nitrate + Nitrite as N,"Nitrate + Nitrite as N",29.0,µg/L
2020-002-3830,16/03/2020 04:59:00 AM,17/03/2020 11:58:57 AM,300713,Tilley Swamp Drain D/S Northern Outlet,,Nitrate + Nitrite as N,"Nitrate + Nitrite as NO3",128,µg/L
2020-002-3830,16/03/2020 04:59:00 AM,17/03/2020 11:58:57 AM,300713,Tilley Swamp Drain D/S Northern Outlet,,Nitrate + Nitrite as N,"Nitrate as Nitrogen",28.5,µg/L
2020-002-3830,16/03/2020 04:59:00 AM,17/03/2020 11:58:57 AM,300713,Tilley Swamp Drain D/S Northern Outlet,,Ammonia as N,"Ammonia as N",44,µg/L
2020-002-3831,16/03/2020 04:59:00 AM,17/03/2020 11:58:52 AM,300711,Tilley Swamp Drain U/S Morella,,Chlorophyll a & Phaeophytin a,"Chlorophyll a",0.81,µg/L
2020-002-3831,16/03/2020 04:59:00 AM,17/03/2020 11:58:52 AM,300711,Tilley Swamp Drain U/S Morella,,Chlorophyll a & Phaeophytin a,"Phaeophytin a",2.25,µg/L
2020-002-3831,16/03/2020 04:59:00 AM,17/03/2020 11:58:52 AM,300711,Tilley Swamp Drain U/S Morella,,Chloride,"Chloride",3330,mg/L
2020-002-3831,16/03/2020 04:59:00 AM,17/03/2020 11:58:52 AM,300711,Tilley Swamp Drain U/S Morella,,pH,"pH",8.5,pH units
2020-002-3831,16/03/2020 04:59:00 AM,17/03/2020 11:58:52 AM,300711,Tilley Swamp Drain U/S Morella,,pH,"Temperature at which pH is measured",22.7,°C
2020-002-3831,16/03/2020 04:59:00 AM,17/03/2020 11:58:52 AM,300711,Tilley Swamp Drain U/S Morella,,Silica - Reactive,"Silica - Reactive",10.7,mg/L
2020-002-3831,16/03/2020 04:59:00 AM,17/03/2020 11:58:52 AM,300711,Tilley Swamp Drain U/S Morella,,Turbidity,"Turbidity",2.3,NTU
2020-002-3831,16/03/2020 04:59:00 AM,17/03/2020 11:58:52 AM,300711,Tilley Swamp Drain U/S Morella,,Total Organic Carbon,"Total Organic Carbon",7.8,mg/L
2020-002-3831,16/03/2020 04:59:00 AM,17/03/2020 11:58:52 AM,300711,Tilley Swamp Drain U/S Morella,,Dissolved Organic Carbon,"Dissolved Organic Carbon",7.6,mg/L
2020-002-3831,16/03/2020 04:59:00 AM,17/03/2020 11:58:52 AM,300711,Tilley Swamp Drain U/S Morella,,Total Dissolved Solids by Evaporation,"Total Dissolved Solids (by evaporation)",5360,mg/L
2020-002-3831,16/03/2020 04:59:00 AM,17/03/2020 11:58:52 AM,300711,Tilley Swamp Drain U/S Morella,,Nitrogen - Total,"Nitrogen - Total",0.93,mg/L
2020-002-3831,16/03/2020 04:59:00 AM,17/03/2020 11:58:52 AM,300711,Tilley Swamp Drain U/S Morella,,Alkalinity Carbonate  Bicarbonate and Hydroxide,"Alkalinity as Calcium Carbonate",400,mg/L
2020-002-3831,16/03/2020 04:59:00 AM,17/03/2020 11:58:52 AM,300711,Tilley Swamp Drain U/S Morella,,Alkalinity Carbonate  Bicarbonate and Hydroxide,"Bicarbonate",455,mg/L
2020-002-3831,16/03/2020 04:59:00 AM,17/03/2020 11:58:52 AM,300711,Tilley Swamp Drain U/S Morella,,Alkalinity Carbonate  Bicarbonate and Hydroxide,"Carbonate",17,mg/L
2020-002-3831,16/03/2020 04:59:00 AM,17/03/2020 11:58:52 AM,300711,Tilley Swamp Drain U/S Morella,,Alkalinity Carbonate  Bicarbonate and Hydroxide,"Hydroxide",0,mg/L
2020-002-3831,16/03/2020 04:59:00 AM,17/03/2020 11:58:52 AM,300711,Tilley Swamp Drain U/S Morella,,Volatile Suspended Solids,"Fixed Solids",1,mg/L
2020-002-3831,16/03/2020 04:59:00 AM,17/03/2020 11:58:52 AM,300711,Tilley Swamp Drain U/S Morella,,Volatile Suspended Solids,"Volatile Suspended Solids",2,mg/L
2020-002-3831,16/03/2020 04:59:00 AM,17/03/2020 11:58:52 AM,300711,Tilley Swamp Drain U/S Morella,,TKN as N,"TKN as Nitrogen",0.92,mg/L
2020-002-3831,16/03/2020 04:59:00 AM,17/03/2020 11:58:52 AM,300711,Tilley Swamp Drain U/S Morella,,Phosphorus - Filterable Reactive as P,"Phosphorus -Filterable Reactive as PO4",15.548,µg/L
2020-002-3831,16/03/2020 04:59:00 AM,17/03/2020 11:58:52 AM,300711,Tilley Swamp Drain U/S Morella,,Phosphorus - Filterable Reactive as P,"Phosphorus-Filterable Reactive as P",5.2,µg/L
2020-002-3831,16/03/2020 04:59:00 AM,17/03/2020 11:58:52 AM,300711,Tilley Swamp Drain U/S Morella,,Phosphorus - Total,"Phosphorus - Total",0.007,mg/L
2020-002-3831,16/03/2020 04:59:00 AM,17/03/2020 11:58:52 AM,300711,Tilley Swamp Drain U/S Morella,,Nitrite as N,"Nitrite as N",1.2,µg/L
2020-002-3831,16/03/2020 04:59:00 AM,17/03/2020 11:58:52 AM,300711,Tilley Swamp Drain U/S Morella,,Nitrate + Nitrite as N,"Nitrate + Nitrite as N",10.2,µg/L
2020-002-3831,16/03/2020 04:59:00 AM,17/03/2020 11:58:52 AM,300711,Tilley Swamp Drain U/S Morella,,Nitrate + Nitrite as N,"Nitrate + Nitrite as NO3",45.2,µg/L
2020-002-3831,16/03/2020 04:59:00 AM,17/03/2020 11:58:52 AM,300711,Tilley Swamp Drain U/S Morella,,Nitrate + Nitrite as N,"Nitrate as Nitrogen",9.00,µg/L
2020-002-3831,16/03/2020 04:59:00 AM,17/03/2020 11:58:52 AM,300711,Tilley Swamp Drain U/S Morella,,Suspended Solids,"Suspended Solids",3,mg/L
2020-002-3831,16/03/2020 04:59:00 AM,17/03/2020 11:58:52 AM,300711,Tilley Swamp Drain U/S Morella,,Ammonia as N,"Ammonia as N",59,µg/L
2020-002-3832,16/03/2020 04:59:00 AM,17/03/2020 11:59:54 AM,300712,Tilley Swamp Watercourse Outlet Channel,,Total Dissolved Solids by Evaporation,"Total Dissolved Solids (by evaporation)",135000,mg/L
2020-002-3832,16/03/2020 04:59:00 AM,17/03/2020 11:59:54 AM,300712,Tilley Swamp Watercourse Outlet Channel,,Nitrogen - Total,"Nitrogen - Total",0.74,mg/L
2020-002-3832,16/03/2020 04:59:00 AM,17/03/2020 11:59:54 AM,300712,Tilley Swamp Watercourse Outlet Channel,,TKN as N,"TKN as Nitrogen",0.74,mg/L
2020-002-3832,16/03/2020 04:59:00 AM,17/03/2020 11:59:54 AM,300712,Tilley Swamp Watercourse Outlet Channel,,Phosphorus - Filterable Reactive as P,"Phosphorus -Filterable Reactive as PO4",3.887,µg/L
2020-002-3832,16/03/2020 04:59:00 AM,17/03/2020 11:59:54 AM,300712,Tilley Swamp Watercourse Outlet Channel,,Phosphorus - Filterable Reactive as P,"Phosphorus-Filterable Reactive as P",1.3,µg/L
2020-002-3832,16/03/2020 04:59:00 AM,17/03/2020 11:59:54 AM,300712,Tilley Swamp Watercourse Outlet Channel,,Phosphorus - Total,"Phosphorus - Total",0.006,mg/L
2020-002-3832,16/03/2020 04:59:00 AM,17/03/2020 11:59:54 AM,300712,Tilley Swamp Watercourse Outlet Channel,,Nitrite as N,"Nitrite as N",2.0,µg/L
2020-002-3832,16/03/2020 04:59:00 AM,17/03/2020 11:59:54 AM,300712,Tilley Swamp Watercourse Outlet Channel,,Nitrate + Nitrite as N,"Nitrate + Nitrite as N",2.3,µg/L
2020-002-3832,16/03/2020 04:59:00 AM,17/03/2020 11:59:54 AM,300712,Tilley Swamp Watercourse Outlet Channel,,Nitrate + Nitrite as N,"Nitrate + Nitrite as NO3",10.2,µg/L
2020-002-3832,16/03/2020 04:59:00 AM,17/03/2020 11:59:54 AM,300712,Tilley Swamp Watercourse Outlet Channel,,Nitrate + Nitrite as N,"Nitrate as Nitrogen",0.260,µg/L
2020-002-3832,16/03/2020 04:59:00 AM,17/03/2020 11:59:54 AM,300712,Tilley Swamp Watercourse Outlet Channel,,Ammonia as N,"Ammonia as N",93,µg/L
